"../../../Engine/Plugins/2D/Paper2D/Content/PlaceholderTextures/DummySpriteTexture.ubulk" 0
"../../../Engine/Plugins/2D/Paper2D/Content/PlaceholderTextures/DummySpriteTexture.uasset" 1
"../../../Engine/Plugins/2D/Paper2D/Content/PlaceholderTextures/DummySpriteTexture.uexp" 2
"../../../Engine/Plugins/2D/Paper2D/Content/DummySprite.uasset" 3
"../../../Engine/Plugins/2D/Paper2D/Content/DummySprite.uexp" 4
"../../../Engine/Plugins/2D/Paper2D/Content/DefaultPaperTerrainMaterial.uasset" 5
"../../../Engine/Plugins/2D/Paper2D/Content/DefaultPaperTerrainMaterial.uexp" 6
"../../../Engine/Content/EngineSounds/Master.uasset" 7
"../../../Engine/Content/EngineSounds/Master.uexp" 8
"../../../Engine/Content/EngineMaterials/DefaultDestructiblePhysicalMaterial.uasset" 9
"../../../Engine/Content/EngineMaterials/DefaultDestructiblePhysicalMaterial.uexp" 10
"../../../Engine/Content/EngineFonts/Faces/DroidSansFallback.uexp" 11
"../../../Engine/Content/EngineFonts/Faces/DroidSansFallback.uasset" 12
"../../../Engine/Content/EngineFonts/Faces/DroidSansFallback.ufont" 13
"../../../Engine/Content/EngineFonts/Faces/RobotoBold.uexp" 14
"../../../Engine/Content/EngineFonts/Faces/RobotoBold.uasset" 15
"../../../Engine/Content/EngineFonts/Faces/RobotoBold.ufont" 16
"../../../Engine/Content/EngineFonts/Faces/RobotoBoldItalic.uexp" 17
"../../../Engine/Content/EngineFonts/Faces/RobotoBoldItalic.uasset" 18
"../../../Engine/Content/EngineFonts/Faces/RobotoBoldItalic.ufont" 19
"../../../Engine/Content/EngineFonts/Faces/RobotoItalic.uexp" 20
"../../../Engine/Content/EngineFonts/Faces/RobotoItalic.uasset" 21
"../../../Engine/Content/EngineFonts/Faces/RobotoItalic.ufont" 22
"../../../Engine/Content/EngineFonts/Faces/RobotoLight.uexp" 23
"../../../Engine/Content/EngineFonts/Faces/RobotoLight.uasset" 24
"../../../Engine/Content/EngineFonts/Faces/RobotoLight.ufont" 25
"../../../Engine/Content/EngineFonts/Faces/RobotoRegular.uexp" 26
"../../../Engine/Content/EngineFonts/Faces/RobotoRegular.uasset" 27
"../../../Engine/Content/EngineFonts/Faces/RobotoRegular.ufont" 28
"../../../Engine/Content/EngineFonts/Roboto.uasset" 29
"../../../Engine/Content/EngineFonts/Roboto.uexp" 30
"../../../Engine/Content/EngineFonts/Faces/DroidSansMono.uexp" 31
"../../../Engine/Content/EngineFonts/Faces/DroidSansMono.uasset" 32
"../../../Engine/Content/EngineFonts/Faces/DroidSansMono.ufont" 33
"../../../Engine/Content/EngineFonts/DroidSansMono.uasset" 34
"../../../Engine/Content/EngineFonts/DroidSansMono.uexp" 35
"../../../Engine/Plugins/Interchange/Runtime/Content/Pipelines/DefaultTexturePipeline.uasset" 36
"../../../Engine/Plugins/Interchange/Runtime/Content/Pipelines/DefaultTexturePipeline.uexp" 37
"../../../Engine/Plugins/Interchange/Runtime/Content/Pipelines/DefaultSceneLevelPipeline.uasset" 38
"../../../Engine/Plugins/Interchange/Runtime/Content/Pipelines/DefaultSceneLevelPipeline.uexp" 39
"../../../Engine/Plugins/Interchange/Runtime/Content/Pipelines/DefaultSceneAssetsPipeline.uasset" 40
"../../../Engine/Plugins/Interchange/Runtime/Content/Pipelines/DefaultSceneAssetsPipeline.uexp" 41
"../../../Engine/Plugins/Interchange/Runtime/Content/Pipelines/DefaultMaterialXPipeline.uasset" 42
"../../../Engine/Plugins/Interchange/Runtime/Content/Pipelines/DefaultMaterialXPipeline.uexp" 43
"../../../Engine/Plugins/Interchange/Runtime/Content/Pipelines/DefaultMaterialPipeline.uasset" 44
"../../../Engine/Plugins/Interchange/Runtime/Content/Pipelines/DefaultMaterialPipeline.uexp" 45
"../../../Engine/Plugins/Interchange/Runtime/Content/Pipelines/DefaultGLTFSceneAssetsPipeline.uasset" 46
"../../../Engine/Plugins/Interchange/Runtime/Content/Pipelines/DefaultGLTFSceneAssetsPipeline.uexp" 47
"../../../Engine/Plugins/Interchange/Runtime/Content/Pipelines/DefaultGLTFPipeline.uasset" 48
"../../../Engine/Plugins/Interchange/Runtime/Content/Pipelines/DefaultGLTFPipeline.uexp" 49
"../../../Engine/Plugins/Interchange/Runtime/Content/Pipelines/DefaultGLTFAssetsPipeline.uasset" 50
"../../../Engine/Plugins/Interchange/Runtime/Content/Pipelines/DefaultGLTFAssetsPipeline.uexp" 51
"../../../Engine/Plugins/Interchange/Runtime/Content/Pipelines/DefaultAssetsPipeline.uasset" 52
"../../../Engine/Plugins/Interchange/Runtime/Content/Pipelines/DefaultAssetsPipeline.uexp" 53
"../../../Engine/Plugins/Experimental/Water/Content/Waves/GerstnerWaves_Ocean.uasset" 54
"../../../Engine/Plugins/Experimental/Water/Content/Waves/GerstnerWaves_Ocean.uexp" 55
"../../../Engine/Plugins/Experimental/Water/Content/Waves/GerstnerWaves_Lake.uasset" 56
"../../../Engine/Plugins/Experimental/Water/Content/Waves/GerstnerWaves_Lake.uexp" 57
"../../../Engine/Content/MobileResources/HUD/VirtualJoystick_Thumb.uasset" 58
"../../../Engine/Content/MobileResources/HUD/VirtualJoystick_Thumb.uexp" 59
"../../../Engine/Content/MobileResources/HUD/VirtualJoystick_Background.uasset" 60
"../../../Engine/Content/MobileResources/HUD/VirtualJoystick_Background.uexp" 61
"X:/EldritchHorrorGame/EldritchHorror/Content/FirstPerson/Input/MobileControls.uasset" 62
"X:/EldritchHorrorGame/EldritchHorror/Content/FirstPerson/Input/MobileControls.uexp" 63
"../../../Engine/Content/EngineResources/GradientTexture0.uasset" 64
"../../../Engine/Content/EngineResources/GradientTexture0.uexp" 65
"../../../Engine/Content/EngineResources/Black.uasset" 66
"../../../Engine/Content/EngineResources/Black.uexp" 67
"../../../Engine/Content/EditorResources/S_Actor.ubulk" 68
"../../../Engine/Content/EditorResources/S_Actor.uasset" 69
"../../../Engine/Content/EditorResources/S_Actor.uexp" 70
"../../../Engine/Plugins/NNE/NNEDenoiser/Content/NNEDTOM_Output_Default.uasset" 71
"../../../Engine/Plugins/NNE/NNEDenoiser/Content/NNEDTOM_Output_Default.uexp" 72
"../../../Engine/Plugins/NNE/NNEDenoiser/Content/NNEDTOM_Output_Alpha.uasset" 73
"../../../Engine/Plugins/NNE/NNEDenoiser/Content/NNEDTOM_Output_Alpha.uexp" 74
"../../../Engine/Plugins/NNE/NNEDenoiser/Content/NNEDTIM_ColorAlbedoNormal_Default.uasset" 75
"../../../Engine/Plugins/NNE/NNEDenoiser/Content/NNEDTIM_ColorAlbedoNormal_Default.uexp" 76
"../../../Engine/Plugins/NNE/NNEDenoiser/Content/NNEDTIM_ColorAlbedoNormal_Alpha.uasset" 77
"../../../Engine/Plugins/NNE/NNEDenoiser/Content/NNEDTIM_ColorAlbedoNormal_Alpha.uexp" 78
"../../../Engine/Plugins/NNE/NNEDenoiser/Content/NNEDOM_Output_Default.uasset" 79
"../../../Engine/Plugins/NNE/NNEDenoiser/Content/NNEDOM_Output_Default.uexp" 80
"../../../Engine/Plugins/NNE/NNEDenoiser/Content/NNEDOM_Output_Alpha.uasset" 81
"../../../Engine/Plugins/NNE/NNEDenoiser/Content/NNEDOM_Output_Alpha.uexp" 82
"../../../Engine/Plugins/NNE/NNEDenoiser/Content/NNEDIM_HighQuality_Default.uasset" 83
"../../../Engine/Plugins/NNE/NNEDenoiser/Content/NNEDIM_HighQuality_Default.uexp" 84
"../../../Engine/Plugins/NNE/NNEDenoiser/Content/NNEDIM_HighQuality_Alpha.uasset" 85
"../../../Engine/Plugins/NNE/NNEDenoiser/Content/NNEDIM_HighQuality_Alpha.uexp" 86
"../../../Engine/Plugins/NNE/NNEDenoiser/Content/NNEDIM_ColorAlbedoNormal_Default.uasset" 87
"../../../Engine/Plugins/NNE/NNEDenoiser/Content/NNEDIM_ColorAlbedoNormal_Default.uexp" 88
"../../../Engine/Plugins/NNE/NNEDenoiser/Content/NNEDIM_ColorAlbedoNormal_Alpha.uasset" 89
"../../../Engine/Plugins/NNE/NNEDenoiser/Content/NNEDIM_ColorAlbedoNormal_Alpha.uexp" 90
"../../../Engine/Content/Functions/Engine_MaterialFunctions02/WorldPositionOffset/CameraOffset.uasset" 91
"../../../Engine/Content/Functions/Engine_MaterialFunctions02/WorldPositionOffset/CameraOffset.uexp" 92
"../../../Engine/Plugins/Animation/ControlRig/Content/M_Manip.uasset" 93
"../../../Engine/Plugins/Animation/ControlRig/Content/M_Manip.uexp" 94
"../../../Engine/Content/EditorResources/S_TriggerSphere.uasset" 95
"../../../Engine/Content/EditorResources/S_TriggerSphere.uexp" 96
"../../../Engine/Content/EditorResources/S_TriggerCapsule.uasset" 97
"../../../Engine/Content/EditorResources/S_TriggerCapsule.uexp" 98
"../../../Engine/Content/EditorResources/S_TriggerBox.uasset" 99
"../../../Engine/Content/EditorResources/S_TriggerBox.uexp" 100
"../../../Engine/Content/EditorResources/S_Trigger.ubulk" 101
"../../../Engine/Content/EditorResources/S_Trigger.uasset" 102
"../../../Engine/Content/EditorResources/S_Trigger.uexp" 103
"../../../Engine/Content/EditorResources/S_Solver.ubulk" 104
"../../../Engine/Content/EditorResources/S_Solver.uasset" 105
"../../../Engine/Content/EditorResources/S_Solver.uexp" 106
"../../../Engine/Content/EditorResources/S_BoxReflectionCapture.uasset" 107
"../../../Engine/Content/EditorResources/S_BoxReflectionCapture.uexp" 108
"../../../Engine/Content/EditorResources/BSPVertex.uasset" 109
"../../../Engine/Content/EditorResources/BSPVertex.uexp" 110
"../../../Engine/Content/EditorMaterials/PreviewShadowIndicator.ubulk" 111
"../../../Engine/Content/EditorMaterials/PreviewShadowIndicator.uasset" 112
"../../../Engine/Content/EditorMaterials/PreviewShadowIndicator.uexp" 113
"../../../Engine/Content/EditorMaterials/PreviewShadowIndicatorMaterial.uasset" 114
"../../../Engine/Content/EditorMaterials/PreviewShadowIndicatorMaterial.uexp" 115
"../../../Engine/Content/EditorMaterials/PhAT_UnselectedMaterial.uasset" 116
"../../../Engine/Content/EditorMaterials/PhAT_UnselectedMaterial.uexp" 117
"../../../Engine/Content/EditorMaterials/PhAT_NoCollisionMaterial.uasset" 118
"../../../Engine/Content/EditorMaterials/PhAT_NoCollisionMaterial.uexp" 119
"../../../Engine/Content/EditorLandscapeResources/WhiteSquareTexture.uasset" 120
"../../../Engine/Content/EditorLandscapeResources/WhiteSquareTexture.uexp" 121
"../../../Engine/Content/EditorLandscapeResources/LayerVisMaterial.uasset" 122
"../../../Engine/Content/EditorLandscapeResources/LayerVisMaterial.uexp" 123
"../../../Engine/Content/Functions/Engine_MaterialFunctions02/Utility/BreakOutFloat2Components.uasset" 124
"../../../Engine/Content/Functions/Engine_MaterialFunctions02/Utility/BreakOutFloat2Components.uexp" 125
"../../../Engine/Content/Functions/Engine_MaterialFunctions01/Texturing/ScaleUVsByCenter.uasset" 126
"../../../Engine/Content/Functions/Engine_MaterialFunctions01/Texturing/ScaleUVsByCenter.uexp" 127
"../../../Engine/Content/Functions/Engine_MaterialFunctions02/WorldPositionOffset/LocalPosition.uasset" 128
"../../../Engine/Content/Functions/Engine_MaterialFunctions02/WorldPositionOffset/LocalPosition.uexp" 129
"../../../Engine/Content/Functions/Engine_MaterialFunctions02/ExampleContent/DebugNumberStrip.uasset" 130
"../../../Engine/Content/Functions/Engine_MaterialFunctions02/ExampleContent/DebugNumberStrip.uexp" 131
"../../../Engine/Content/EngineMaterials/DefaultDiffuse.ubulk" 132
"../../../Engine/Content/EngineMaterials/DefaultDiffuse.uasset" 133
"../../../Engine/Content/EngineMaterials/DefaultDiffuse.uexp" 134
"../../../Engine/Content/Functions/Engine_MaterialFunctions01/Texturing/TextureCropping.uasset" 135
"../../../Engine/Content/Functions/Engine_MaterialFunctions01/Texturing/TextureCropping.uexp" 136
"../../../Engine/Content/Functions/Engine_MaterialFunctions01/Debug/DebugIntValues.uasset" 137
"../../../Engine/Content/Functions/Engine_MaterialFunctions01/Debug/DebugIntValues.uexp" 138
"../../../Engine/Content/EditorLandscapeResources/LandscapeLayerUsageMaterial.uasset" 139
"../../../Engine/Content/EditorLandscapeResources/LandscapeLayerUsageMaterial.uexp" 140
"../../../Engine/Content/EditorLandscapeResources/DefaultAlphaTexture.uasset" 141
"../../../Engine/Content/EditorLandscapeResources/DefaultAlphaTexture.uexp" 142
"../../../Engine/Content/EditorLandscapeResources/LandscapeDirtyMaterial.uasset" 143
"../../../Engine/Content/EditorLandscapeResources/LandscapeDirtyMaterial.uexp" 144
"../../../Engine/Plugins/Animation/ControlRig/Content/Controls/ControlRigXRayMaterial.uasset" 145
"../../../Engine/Plugins/Animation/ControlRig/Content/Controls/ControlRigXRayMaterial.uexp" 146
"../../../Engine/Plugins/Animation/ControlRig/Content/Controls/ControlRigGizmoMaterial.uasset" 147
"../../../Engine/Plugins/Animation/ControlRig/Content/Controls/ControlRigGizmoMaterial.uexp" 148
"../../../Engine/Content/EngineMaterials/RemoveSurfaceMaterial.uasset" 149
"../../../Engine/Content/EngineMaterials/RemoveSurfaceMaterial.uexp" 150
"../../../Engine/Content/EngineMaterials/PreintegratedSkinBRDF.uasset" 151
"../../../Engine/Content/EngineMaterials/PreintegratedSkinBRDF.uexp" 152
"../../../Engine/Content/EngineMaterials/DefaultCalibrationGrayscale.uasset" 153
"../../../Engine/Content/EngineMaterials/DefaultCalibrationGrayscale.uexp" 154
"../../../Engine/Content/EngineMaterials/PPM_DefaultCalibrationGrayscale.uasset" 155
"../../../Engine/Content/EngineMaterials/PPM_DefaultCalibrationGrayscale.uexp" 156
"../../../Engine/Content/EngineMaterials/DefaultCalibrationColor.uasset" 157
"../../../Engine/Content/EngineMaterials/DefaultCalibrationColor.uexp" 158
"../../../Engine/Content/EngineMaterials/PPM_DefaultCalibrationColor.uasset" 159
"../../../Engine/Content/EngineMaterials/PPM_DefaultCalibrationColor.uexp" 160
"../../../Engine/Content/EngineMaterials/PhAT_JointLimitMaterial.uasset" 161
"../../../Engine/Content/EngineMaterials/PhAT_JointLimitMaterial.uexp" 162
"../../../Engine/Content/EngineMaterials/NaniteHiddenSectionMaterial.uasset" 163
"../../../Engine/Content/EngineMaterials/NaniteHiddenSectionMaterial.uexp" 164
"../../../Engine/Content/EngineMaterials/InvalidLightmapSettings.ubulk" 165
"../../../Engine/Content/EngineMaterials/InvalidLightmapSettings.uasset" 166
"../../../Engine/Content/EngineMaterials/InvalidLightmapSettings.uexp" 167
"../../../Engine/Content/EngineMaterials/M_InvalidLightmapSettings.uasset" 168
"../../../Engine/Content/EngineMaterials/M_InvalidLightmapSettings.uexp" 169
"../../../Engine/Content/EngineMaterials/MiniFont.uasset" 170
"../../../Engine/Content/EngineMaterials/MiniFont.uexp" 171
"../../../Engine/Content/EngineMaterials/GizmoMaterial.uasset" 172
"../../../Engine/Content/EngineMaterials/GizmoMaterial.uexp" 173
"../../../Engine/Content/EngineMaterials/BaseFlattenDiffuseMap_VT.ubulk" 174
"../../../Engine/Content/EngineMaterials/BaseFlattenDiffuseMap_VT.uasset" 175
"../../../Engine/Content/EngineMaterials/BaseFlattenDiffuseMap_VT.uexp" 176
"../../../Engine/Content/EngineMaterials/BaseFlattenEmissiveMap_VT.ubulk" 177
"../../../Engine/Content/EngineMaterials/BaseFlattenEmissiveMap_VT.uasset" 178
"../../../Engine/Content/EngineMaterials/BaseFlattenEmissiveMap_VT.uexp" 179
"../../../Engine/Content/EngineMaterials/BaseFlattenGrayscaleMap_VT.ubulk" 180
"../../../Engine/Content/EngineMaterials/BaseFlattenGrayscaleMap_VT.uasset" 181
"../../../Engine/Content/EngineMaterials/BaseFlattenGrayscaleMap_VT.uexp" 182
"../../../Engine/Content/EngineMaterials/BaseFlattenLinearColor_VT.ubulk" 183
"../../../Engine/Content/EngineMaterials/BaseFlattenLinearColor_VT.uasset" 184
"../../../Engine/Content/EngineMaterials/BaseFlattenLinearColor_VT.uexp" 185
"../../../Engine/Content/EngineMaterials/BaseFlattenNormalMap_VT.ubulk" 186
"../../../Engine/Content/EngineMaterials/BaseFlattenNormalMap_VT.uasset" 187
"../../../Engine/Content/EngineMaterials/BaseFlattenNormalMap_VT.uexp" 188
"../../../Engine/Content/EngineMaterials/Black_1x1_EXR_Texture_VT.ubulk" 189
"../../../Engine/Content/EngineMaterials/Black_1x1_EXR_Texture_VT.uasset" 190
"../../../Engine/Content/EngineMaterials/Black_1x1_EXR_Texture_VT.uexp" 191
"../../../Engine/Content/EngineMaterials/FlattenMaterial_WS_Normal_VT.uasset" 192
"../../../Engine/Content/EngineMaterials/FlattenMaterial_WS_Normal_VT.uexp" 193
"../../../Engine/Content/EngineMaterials/FlattenMaterial_VT.uasset" 194
"../../../Engine/Content/EngineMaterials/FlattenMaterial_VT.uexp" 195
"../../../Engine/Content/EngineMaterials/BaseFlattenLinearColor.uasset" 196
"../../../Engine/Content/EngineMaterials/BaseFlattenLinearColor.uexp" 197
"../../../Engine/Content/Functions/Engine_MaterialFunctions02/PivotPainter2/Black_1x1_EXR_Texture.uasset" 198
"../../../Engine/Content/Functions/Engine_MaterialFunctions02/PivotPainter2/Black_1x1_EXR_Texture.uexp" 199
"../../../Engine/Content/EngineMaterials/BaseFlattenDiffuseMap.uasset" 200
"../../../Engine/Content/EngineMaterials/BaseFlattenDiffuseMap.uexp" 201
"../../../Engine/Content/EngineMaterials/BaseFlattenEmissiveMap.uasset" 202
"../../../Engine/Content/EngineMaterials/BaseFlattenEmissiveMap.uexp" 203
"../../../Engine/Content/EngineMaterials/BaseFlattenGrayscaleMap.uasset" 204
"../../../Engine/Content/EngineMaterials/BaseFlattenGrayscaleMap.uexp" 205
"../../../Engine/Content/EngineMaterials/BaseFlattenNormalMap.uasset" 206
"../../../Engine/Content/EngineMaterials/BaseFlattenNormalMap.uexp" 207
"../../../Engine/Content/EngineMaterials/FlattenMaterial.uasset" 208
"../../../Engine/Content/EngineMaterials/FlattenMaterial.uexp" 209
"../../../Engine/Content/EngineMaterials/FastBlueNoise_vec2_128x128x64.uasset" 210
"../../../Engine/Content/EngineMaterials/FastBlueNoise_vec2_128x128x64.uexp" 211
"../../../Engine/Content/EngineMaterials/FastBlueNoise_scalar_128x128x8.uasset" 212
"../../../Engine/Content/EngineMaterials/FastBlueNoise_scalar_128x128x8.uexp" 213
"../../../Engine/Content/EngineMaterials/FastBlueNoise_scalar_128x128x64.uasset" 214
"../../../Engine/Content/EngineMaterials/FastBlueNoise_scalar_128x128x64.uexp" 215
"../../../Engine/Content/EngineMaterials/DefaultWhiteGrid_Low.uasset" 216
"../../../Engine/Content/EngineMaterials/DefaultWhiteGrid_Low.uexp" 217
"../../../Engine/Content/EngineMaterials/EmissiveMeshMaterial.uasset" 218
"../../../Engine/Content/EngineMaterials/EmissiveMeshMaterial.uexp" 219
"../../../Engine/Content/EngineMaterials/DefaultWhiteGrid.ubulk" 220
"../../../Engine/Content/EngineMaterials/DefaultWhiteGrid.uasset" 221
"../../../Engine/Content/EngineMaterials/DefaultWhiteGrid.uexp" 222
"../../../Engine/Content/EngineFonts/RobotoDistanceField.uasset" 223
"../../../Engine/Content/EngineFonts/RobotoDistanceField.uexp" 224
"../../../Engine/Content/EngineMaterials/DefaultTextMaterialOpaque.uasset" 225
"../../../Engine/Content/EngineMaterials/DefaultTextMaterialOpaque.uexp" 226
"../../../Engine/Content/EngineMaterials/DefaultPostProcessMaterial.uasset" 227
"../../../Engine/Content/EngineMaterials/DefaultPostProcessMaterial.uexp" 228
"../../../Engine/Content/EngineMaterials/DefaultLightFunctionMaterial.uasset" 229
"../../../Engine/Content/EngineMaterials/DefaultLightFunctionMaterial.uexp" 230
"../../../Engine/Content/EngineMaterials/DefaultDeferredDecalMaterial.uasset" 231
"../../../Engine/Content/EngineMaterials/DefaultDeferredDecalMaterial.uexp" 232
"../../../Engine/Content/EngineMaterials/DefaultBokeh.uasset" 233
"../../../Engine/Content/EngineMaterials/DefaultBokeh.uexp" 234
"../../../Engine/Content/EngineMaterials/DefaultBloomKernel.uasset" 235
"../../../Engine/Content/EngineMaterials/DefaultBloomKernel.uexp" 236
"../../../Engine/Content/Functions/Engine_MaterialFunctions02/Utility/CameraDirectionVector.uasset" 237
"../../../Engine/Content/Functions/Engine_MaterialFunctions02/Utility/CameraDirectionVector.uexp" 238
"../../../Engine/Content/EngineDebugMaterials/VolumeToRender.uasset" 239
"../../../Engine/Content/EngineDebugMaterials/VolumeToRender.uexp" 240
"../../../Engine/Content/EngineDebugMaterials/M_VolumeRenderSphereTracePP.uasset" 241
"../../../Engine/Content/EngineDebugMaterials/M_VolumeRenderSphereTracePP.uexp" 242
"../../../Engine/Content/EngineDebugMaterials/M_SimpleUnlitTranslucent.uasset" 243
"../../../Engine/Content/EngineDebugMaterials/M_SimpleUnlitTranslucent.uexp" 244
"../../../Engine/Content/EngineDebugMaterials/DebugMeshMaterial.uasset" 245
"../../../Engine/Content/EngineDebugMaterials/DebugMeshMaterial.uexp" 246
"../../../Engine/Content/EngineDebugMaterials/DebugEditorMaterial.uasset" 247
"../../../Engine/Content/EngineDebugMaterials/DebugEditorMaterial.uexp" 248
"../../../Engine/Content/EngineDamageTypes/DmgTypeBP_Environmental.uasset" 249
"../../../Engine/Content/EngineDamageTypes/DmgTypeBP_Environmental.uexp" 250
"../../../Engine/Content/BasicShapes/BasicShapeMaterial.uasset" 251
"../../../Engine/Content/BasicShapes/BasicShapeMaterial.uexp" 252
"../../../Engine/Plugins/Interchange/Assets/Content/Functions/MF_PhongToMetalRoughness.uasset" 253
"../../../Engine/Plugins/Interchange/Assets/Content/Functions/MF_PhongToMetalRoughness.uexp" 254
"X:/EldritchHorrorGame/EldritchHorror/Content/Models/models_props/materials/AlarmLightBase.uasset" 255
"X:/EldritchHorrorGame/EldritchHorror/Content/Models/models_props/materials/AlarmLightBase.uexp" 256
"X:/EldritchHorrorGame/EldritchHorror/Content/Models/models_props/materials/AlarmLightRed_E.uasset" 257
"X:/EldritchHorrorGame/EldritchHorror/Content/Models/models_props/materials/AlarmLightRed_E.uexp" 258
"X:/EldritchHorrorGame/EldritchHorror/Content/Models/models_props/materials/AlarmLightRedBase.uasset" 259
"X:/EldritchHorrorGame/EldritchHorror/Content/Models/models_props/materials/AlarmLightRedBase.uexp" 260
"X:/EldritchHorrorGame/EldritchHorror/Content/Models/models_props/materials/AlarmLightRedTrans_E.uasset" 261
"X:/EldritchHorrorGame/EldritchHorror/Content/Models/models_props/materials/AlarmLightRedTrans_E.uexp" 262
"X:/EldritchHorrorGame/EldritchHorror/Content/Models/models_props/AlarmLight.ubulk" 263
"X:/EldritchHorrorGame/EldritchHorror/Content/Models/models_props/AlarmLight.uasset" 264
"X:/EldritchHorrorGame/EldritchHorror/Content/Models/models_props/AlarmLight.uexp" 265
"X:/EldritchHorrorGame/EldritchHorror/Content/UI/WBP_InteractText.uasset" 266
"X:/EldritchHorrorGame/EldritchHorror/Content/UI/WBP_InteractText.uexp" 267
"X:/EldritchHorrorGame/EldritchHorror/Content/UI/PauseMenu.uasset" 268
"X:/EldritchHorrorGame/EldritchHorror/Content/UI/PauseMenu.uexp" 269
"X:/EldritchHorrorGame/EldritchHorror/Content/Sounds/MenuClick.ubulk" 270
"X:/EldritchHorrorGame/EldritchHorror/Content/Sounds/MenuClick.uasset" 271
"X:/EldritchHorrorGame/EldritchHorror/Content/Sounds/MenuClick.uexp" 272
"X:/EldritchHorrorGame/EldritchHorror/Content/UI/CrackedBold_Regular.uexp" 273
"X:/EldritchHorrorGame/EldritchHorror/Content/UI/CrackedBold_Regular.uasset" 274
"X:/EldritchHorrorGame/EldritchHorror/Content/UI/CrackedBold_Regular.ufont" 275
"X:/EldritchHorrorGame/EldritchHorror/Content/UI/CrackedBold_Regular_Font.uasset" 276
"X:/EldritchHorrorGame/EldritchHorror/Content/UI/CrackedBold_Regular_Font.uexp" 277
"X:/EldritchHorrorGame/EldritchHorror/Content/UI/Button_Hover.uasset" 278
"X:/EldritchHorrorGame/EldritchHorror/Content/UI/Button_Hover.uexp" 279
"X:/EldritchHorrorGame/EldritchHorror/Content/UI/Button_Click.uasset" 280
"X:/EldritchHorrorGame/EldritchHorror/Content/UI/Button_Click.uexp" 281
"X:/EldritchHorrorGame/EldritchHorror/Content/UI/Button.uasset" 282
"X:/EldritchHorrorGame/EldritchHorror/Content/UI/Button.uexp" 283
"X:/EldritchHorrorGame/EldritchHorror/Content/UI/Pause.uasset" 284
"X:/EldritchHorrorGame/EldritchHorror/Content/UI/Pause.uexp" 285
"X:/EldritchHorrorGame/EldritchHorror/Content/FPWeapon/BPI_Interact.uasset" 286
"X:/EldritchHorrorGame/EldritchHorror/Content/FPWeapon/BPI_Interact.uexp" 287
"X:/EldritchHorrorGame/EldritchHorror/Content/FirstPersonArms/Character/Mesh/SK_Mannequin_Arms_Skeleton.uasset" 288
"X:/EldritchHorrorGame/EldritchHorror/Content/FirstPersonArms/Character/Mesh/SK_Mannequin_Arms_Skeleton.uexp" 289
"X:/EldritchHorrorGame/EldritchHorror/Content/FirstPersonArms/Character/Mesh/SK_Mannequin_Arms_PhysicsAsset.uasset" 290
"X:/EldritchHorrorGame/EldritchHorror/Content/FirstPersonArms/Character/Mesh/SK_Mannequin_Arms_PhysicsAsset.uexp" 291
"X:/EldritchHorrorGame/EldritchHorror/Content/FirstPersonArms/Character/Textures/Manny/T_Manny_02_Tan.ubulk" 292
"X:/EldritchHorrorGame/EldritchHorror/Content/FirstPersonArms/Character/Textures/Manny/T_Manny_02_Tan.uasset" 293
"X:/EldritchHorrorGame/EldritchHorror/Content/FirstPersonArms/Character/Textures/Manny/T_Manny_02_Tan.uexp" 294
"X:/EldritchHorrorGame/EldritchHorror/Content/FirstPersonArms/Character/Textures/Manny/T_Manny_02_N.ubulk" 295
"X:/EldritchHorrorGame/EldritchHorror/Content/FirstPersonArms/Character/Textures/Manny/T_Manny_02_N.uasset" 296
"X:/EldritchHorrorGame/EldritchHorror/Content/FirstPersonArms/Character/Textures/Manny/T_Manny_02_N.uexp" 297
"X:/EldritchHorrorGame/EldritchHorror/Content/FirstPersonArms/Character/Textures/Manny/T_Manny_02_MSR_MSK.ubulk" 298
"X:/EldritchHorrorGame/EldritchHorror/Content/FirstPersonArms/Character/Textures/Manny/T_Manny_02_MSR_MSK.uasset" 299
"X:/EldritchHorrorGame/EldritchHorror/Content/FirstPersonArms/Character/Textures/Manny/T_Manny_02_MSR_MSK.uexp" 300
"X:/EldritchHorrorGame/EldritchHorror/Content/FirstPersonArms/Character/Textures/Manny/T_Manny_02_D.ubulk" 301
"X:/EldritchHorrorGame/EldritchHorror/Content/FirstPersonArms/Character/Textures/Manny/T_Manny_02_D.uasset" 302
"X:/EldritchHorrorGame/EldritchHorror/Content/FirstPersonArms/Character/Textures/Manny/T_Manny_02_D.uexp" 303
"X:/EldritchHorrorGame/EldritchHorror/Content/FirstPersonArms/Character/Textures/Manny/T_Manny_02_CCRCCPlastic_MSK.ubulk" 304
"X:/EldritchHorrorGame/EldritchHorror/Content/FirstPersonArms/Character/Textures/Manny/T_Manny_02_CCRCCPlastic_MSK.uasset" 305
"X:/EldritchHorrorGame/EldritchHorror/Content/FirstPersonArms/Character/Textures/Manny/T_Manny_02_CCRCCPlastic_MSK.uexp" 306
"X:/EldritchHorrorGame/EldritchHorror/Content/FirstPersonArms/Character/Textures/Manny/T_Manny_02_BN.ubulk" 307
"X:/EldritchHorrorGame/EldritchHorror/Content/FirstPersonArms/Character/Textures/Manny/T_Manny_02_BN.uasset" 308
"X:/EldritchHorrorGame/EldritchHorror/Content/FirstPersonArms/Character/Textures/Manny/T_Manny_02_BN.uexp" 309
"X:/EldritchHorrorGame/EldritchHorror/Content/FirstPersonArms/Character/Textures/Manny/T_Manny_02_ASAOPMASK_MSK.ubulk" 310
"X:/EldritchHorrorGame/EldritchHorror/Content/FirstPersonArms/Character/Textures/Manny/T_Manny_02_ASAOPMASK_MSK.uasset" 311
"X:/EldritchHorrorGame/EldritchHorror/Content/FirstPersonArms/Character/Textures/Manny/T_Manny_02_ASAOPMASK_MSK.uexp" 312
"X:/EldritchHorrorGame/EldritchHorror/Content/FirstPersonArms/Character/Textures/Manny/T_Manny_01_Tan.ubulk" 313
"X:/EldritchHorrorGame/EldritchHorror/Content/FirstPersonArms/Character/Textures/Manny/T_Manny_01_Tan.uasset" 314
"X:/EldritchHorrorGame/EldritchHorror/Content/FirstPersonArms/Character/Textures/Manny/T_Manny_01_Tan.uexp" 315
"X:/EldritchHorrorGame/EldritchHorror/Content/FirstPersonArms/Character/Textures/Manny/T_Manny_01_N.ubulk" 316
"X:/EldritchHorrorGame/EldritchHorror/Content/FirstPersonArms/Character/Textures/Manny/T_Manny_01_N.uasset" 317
"X:/EldritchHorrorGame/EldritchHorror/Content/FirstPersonArms/Character/Textures/Manny/T_Manny_01_N.uexp" 318
"X:/EldritchHorrorGame/EldritchHorror/Content/FirstPersonArms/Character/Textures/Manny/T_Manny_01_MSR_MSK.ubulk" 319
"X:/EldritchHorrorGame/EldritchHorror/Content/FirstPersonArms/Character/Textures/Manny/T_Manny_01_MSR_MSK.uasset" 320
"X:/EldritchHorrorGame/EldritchHorror/Content/FirstPersonArms/Character/Textures/Manny/T_Manny_01_MSR_MSK.uexp" 321
"X:/EldritchHorrorGame/EldritchHorror/Content/FirstPersonArms/Character/Textures/Manny/T_Manny_01_D.ubulk" 322
"X:/EldritchHorrorGame/EldritchHorror/Content/FirstPersonArms/Character/Textures/Manny/T_Manny_01_D.uasset" 323
"X:/EldritchHorrorGame/EldritchHorror/Content/FirstPersonArms/Character/Textures/Manny/T_Manny_01_D.uexp" 324
"X:/EldritchHorrorGame/EldritchHorror/Content/FirstPersonArms/Character/Textures/Manny/T_Manny_01_CCRCCPlastic_MSK.ubulk" 325
"X:/EldritchHorrorGame/EldritchHorror/Content/FirstPersonArms/Character/Textures/Manny/T_Manny_01_CCRCCPlastic_MSK.uasset" 326
"X:/EldritchHorrorGame/EldritchHorror/Content/FirstPersonArms/Character/Textures/Manny/T_Manny_01_CCRCCPlastic_MSK.uexp" 327
"X:/EldritchHorrorGame/EldritchHorror/Content/FirstPersonArms/Character/Textures/Manny/T_Manny_01_BN.ubulk" 328
"X:/EldritchHorrorGame/EldritchHorror/Content/FirstPersonArms/Character/Textures/Manny/T_Manny_01_BN.uasset" 329
"X:/EldritchHorrorGame/EldritchHorror/Content/FirstPersonArms/Character/Textures/Manny/T_Manny_01_BN.uexp" 330
"X:/EldritchHorrorGame/EldritchHorror/Content/FirstPersonArms/Character/Textures/Manny/T_Manny_01_ASAOPMASK_MSK.ubulk" 331
"X:/EldritchHorrorGame/EldritchHorror/Content/FirstPersonArms/Character/Textures/Manny/T_Manny_01_ASAOPMASK_MSK.uasset" 332
"X:/EldritchHorrorGame/EldritchHorror/Content/FirstPersonArms/Character/Textures/Manny/T_Manny_01_ASAOPMASK_MSK.uexp" 333
"X:/EldritchHorrorGame/EldritchHorror/Content/FirstPersonArms/Character/Materials/Functions/ML_BaseColorFallOff.uasset" 334
"X:/EldritchHorrorGame/EldritchHorror/Content/FirstPersonArms/Character/Materials/Functions/ML_BaseColorFallOff.uexp" 335
"X:/EldritchHorrorGame/EldritchHorror/Content/FirstPersonArms/Character/Textures/Shared/T_UE_Logo_M.uasset" 336
"X:/EldritchHorrorGame/EldritchHorror/Content/FirstPersonArms/Character/Textures/Shared/T_UE_Logo_M.uexp" 337
"X:/EldritchHorrorGame/EldritchHorror/Content/FirstPersonArms/Character/Materials/Functions/MF_logo3layers.uasset" 338
"X:/EldritchHorrorGame/EldritchHorror/Content/FirstPersonArms/Character/Materials/Functions/MF_logo3layers.uexp" 339
"X:/EldritchHorrorGame/EldritchHorror/Content/FirstPersonArms/Character/Materials/Functions/ChromaticCurve.uasset" 340
"X:/EldritchHorrorGame/EldritchHorror/Content/FirstPersonArms/Character/Materials/Functions/ChromaticCurve.uexp" 341
"X:/EldritchHorrorGame/EldritchHorror/Content/FirstPersonArms/Character/Materials/Functions/CA_Mannequin.uasset" 342
"X:/EldritchHorrorGame/EldritchHorror/Content/FirstPersonArms/Character/Materials/Functions/CA_Mannequin.uexp" 343
"X:/EldritchHorrorGame/EldritchHorror/Content/FirstPersonArms/Character/Materials/Functions/MF_Diffraction.uasset" 344
"X:/EldritchHorrorGame/EldritchHorror/Content/FirstPersonArms/Character/Materials/Functions/MF_Diffraction.uexp" 345
"X:/EldritchHorrorGame/EldritchHorror/Content/FirstPersonArms/Character/Materials/M_Mannequin.uasset" 346
"X:/EldritchHorrorGame/EldritchHorror/Content/FirstPersonArms/Character/Materials/M_Mannequin.uexp" 347
"X:/EldritchHorrorGame/EldritchHorror/Content/FirstPersonArms/Character/Materials/Instances/Manny/MI_Manny_01.uasset" 348
"X:/EldritchHorrorGame/EldritchHorror/Content/FirstPersonArms/Character/Materials/Instances/Manny/MI_Manny_01.uexp" 349
"X:/EldritchHorrorGame/EldritchHorror/Content/FirstPersonArms/Character/Materials/Instances/Manny/MI_Manny_02.uasset" 350
"X:/EldritchHorrorGame/EldritchHorror/Content/FirstPersonArms/Character/Materials/Instances/Manny/MI_Manny_02.uexp" 351
"X:/EldritchHorrorGame/EldritchHorror/Content/FirstPersonArms/Character/Mesh/SK_Mannequin_Arms.uasset" 352
"X:/EldritchHorrorGame/EldritchHorror/Content/FirstPersonArms/Character/Mesh/SK_Mannequin_Arms.uexp" 353
"../../../Engine/Content/Animation/DefaultRecorderBoneCompression.uasset" 354
"../../../Engine/Content/Animation/DefaultRecorderBoneCompression.uexp" 355
"../../../Engine/Content/Animation/DefaultAnimCurveCompressionSettings.uasset" 356
"../../../Engine/Content/Animation/DefaultAnimCurveCompressionSettings.uexp" 357
"X:/EldritchHorrorGame/EldritchHorror/Content/FirstPersonArms/Animations/FP_Run_Fwd.uasset" 358
"X:/EldritchHorrorGame/EldritchHorror/Content/FirstPersonArms/Animations/FP_Run_Fwd.uexp" 359
"../../../Engine/Content/Animation/DefaultAnimBoneCompressionSettings.uasset" 360
"../../../Engine/Content/Animation/DefaultAnimBoneCompressionSettings.uexp" 361
"X:/EldritchHorrorGame/EldritchHorror/Content/FirstPersonArms/Animations/FP_Rifle_Run.uasset" 362
"X:/EldritchHorrorGame/EldritchHorror/Content/FirstPersonArms/Animations/FP_Rifle_Run.uexp" 363
"X:/EldritchHorrorGame/EldritchHorror/Content/FirstPersonArms/Animations/FP_Rifle_Land.uasset" 364
"X:/EldritchHorrorGame/EldritchHorror/Content/FirstPersonArms/Animations/FP_Rifle_Land.uexp" 365
"../../../Engine/Content/Animation/DefaultVariableFrameStrippingSettings.uasset" 366
"../../../Engine/Content/Animation/DefaultVariableFrameStrippingSettings.uexp" 367
"X:/EldritchHorrorGame/EldritchHorror/Content/FirstPersonArms/Animations/FP_Rifle_Jump.uasset" 368
"X:/EldritchHorrorGame/EldritchHorror/Content/FirstPersonArms/Animations/FP_Rifle_Jump.uexp" 369
"X:/EldritchHorrorGame/EldritchHorror/Content/FirstPersonArms/Animations/FP_Rifle_Idle.uasset" 370
"X:/EldritchHorrorGame/EldritchHorror/Content/FirstPersonArms/Animations/FP_Rifle_Idle.uexp" 371
"X:/EldritchHorrorGame/EldritchHorror/Content/FirstPersonArms/Animations/FP_Rifle_Falling.uasset" 372
"X:/EldritchHorrorGame/EldritchHorror/Content/FirstPersonArms/Animations/FP_Rifle_Falling.uexp" 373
"X:/EldritchHorrorGame/EldritchHorror/Content/FirstPersonArms/Animations/FP_Land.uasset" 374
"X:/EldritchHorrorGame/EldritchHorror/Content/FirstPersonArms/Animations/FP_Land.uexp" 375
"X:/EldritchHorrorGame/EldritchHorror/Content/FirstPersonArms/Animations/FP_Jump.uasset" 376
"X:/EldritchHorrorGame/EldritchHorror/Content/FirstPersonArms/Animations/FP_Jump.uexp" 377
"X:/EldritchHorrorGame/EldritchHorror/Content/FirstPersonArms/Animations/FP_Idle.uasset" 378
"X:/EldritchHorrorGame/EldritchHorror/Content/FirstPersonArms/Animations/FP_Idle.uexp" 379
"X:/EldritchHorrorGame/EldritchHorror/Content/FirstPersonArms/Animations/FP_Falling.uasset" 380
"X:/EldritchHorrorGame/EldritchHorror/Content/FirstPersonArms/Animations/FP_Falling.uexp" 381
"X:/EldritchHorrorGame/EldritchHorror/Content/FirstPersonArms/Animations/FirstPerson_AnimBP.uasset" 382
"X:/EldritchHorrorGame/EldritchHorror/Content/FirstPersonArms/Animations/FirstPerson_AnimBP.uexp" 383
"X:/EldritchHorrorGame/EldritchHorror/Content/FirstPerson/Input/Actions/IA_Sprint.uasset" 384
"X:/EldritchHorrorGame/EldritchHorror/Content/FirstPerson/Input/Actions/IA_Sprint.uexp" 385
"X:/EldritchHorrorGame/EldritchHorror/Content/FirstPerson/Input/Actions/IA_Move.uasset" 386
"X:/EldritchHorrorGame/EldritchHorror/Content/FirstPerson/Input/Actions/IA_Move.uexp" 387
"X:/EldritchHorrorGame/EldritchHorror/Content/FirstPerson/Input/Actions/IA_Look.uasset" 388
"X:/EldritchHorrorGame/EldritchHorror/Content/FirstPerson/Input/Actions/IA_Look.uexp" 389
"X:/EldritchHorrorGame/EldritchHorror/Content/FirstPerson/Input/Actions/IA_Crouch.uasset" 390
"X:/EldritchHorrorGame/EldritchHorror/Content/FirstPerson/Input/Actions/IA_Crouch.uexp" 391
"X:/EldritchHorrorGame/EldritchHorror/Content/FirstPerson/Blueprints/BP_FirstPersonCharacter.uasset" 392
"X:/EldritchHorrorGame/EldritchHorror/Content/FirstPerson/Blueprints/BP_FirstPersonCharacter.uexp" 393
"X:/EldritchHorrorGame/EldritchHorror/Content/UI/BP_Teleport.uasset" 394
"X:/EldritchHorrorGame/EldritchHorror/Content/UI/BP_Teleport.uexp" 395
"X:/EldritchHorrorGame/EldritchHorror/Content/Lore/Terminal_Mail_3_copy.uasset" 396
"X:/EldritchHorrorGame/EldritchHorror/Content/Lore/Terminal_Mail_3_copy.uexp" 397
"X:/EldritchHorrorGame/EldritchHorror/Content/Lore/Terminal_Mail_2_copy.uasset" 398
"X:/EldritchHorrorGame/EldritchHorror/Content/Lore/Terminal_Mail_2_copy.uexp" 399
"X:/EldritchHorrorGame/EldritchHorror/Content/Lore/Terminal_Mail_1.uasset" 400
"X:/EldritchHorrorGame/EldritchHorror/Content/Lore/Terminal_Mail_1.uexp" 401
"X:/EldritchHorrorGame/EldritchHorror/Content/Lore/Research_Terminal_copy.uasset" 402
"X:/EldritchHorrorGame/EldritchHorror/Content/Lore/Research_Terminal_copy.uexp" 403
"X:/EldritchHorrorGame/EldritchHorror/Content/Lore/Research_Terminal_2_copy.uasset" 404
"X:/EldritchHorrorGame/EldritchHorror/Content/Lore/Research_Terminal_2_copy.uexp" 405
"X:/EldritchHorrorGame/EldritchHorror/Content/Lore/Incident_Report_copy.uasset" 406
"X:/EldritchHorrorGame/EldritchHorror/Content/Lore/Incident_Report_copy.uexp" 407
"../../../Engine/Content/EngineMaterials/T_Default_Material_Grid_M.ubulk" 408
"../../../Engine/Content/EngineMaterials/T_Default_Material_Grid_M.uasset" 409
"../../../Engine/Content/EngineMaterials/T_Default_Material_Grid_M.uexp" 410
"../../../Engine/Content/EngineMaterials/T_Default_Material_Grid_N.ubulk" 411
"../../../Engine/Content/EngineMaterials/T_Default_Material_Grid_N.uasset" 412
"../../../Engine/Content/EngineMaterials/T_Default_Material_Grid_N.uexp" 413
"../../../Engine/Content/Functions/Engine_MaterialFunctions01/Opacity/CameraDepthFade.uasset" 414
"../../../Engine/Content/Functions/Engine_MaterialFunctions01/Opacity/CameraDepthFade.uexp" 415
"../../../Engine/Content/EngineMaterials/WorldGridMaterial.uasset" 416
"../../../Engine/Content/EngineMaterials/WorldGridMaterial.uexp" 417
"X:/EldritchHorrorGame/EldritchHorror/Content/Models/models_props/materials/LightFixture4Emission.uasset" 418
"X:/EldritchHorrorGame/EldritchHorror/Content/Models/models_props/materials/LightFixture4Emission.uexp" 419
"X:/EldritchHorrorGame/EldritchHorror/Content/Models/models_props/materials/LightFixture4.uasset" 420
"X:/EldritchHorrorGame/EldritchHorror/Content/Models/models_props/materials/LightFixture4.uexp" 421
"X:/EldritchHorrorGame/EldritchHorror/Content/Models/models_props/LightFixture_04.ubulk" 422
"X:/EldritchHorrorGame/EldritchHorror/Content/Models/models_props/LightFixture_04.uasset" 423
"X:/EldritchHorrorGame/EldritchHorror/Content/Models/models_props/LightFixture_04.uexp" 424
"X:/EldritchHorrorGame/EldritchHorror/Content/Lights/HangingLongLight.uasset" 425
"X:/EldritchHorrorGame/EldritchHorror/Content/Lights/HangingLongLight.uexp" 426
"X:/EldritchHorrorGame/EldritchHorror/Content/Models/models_props/materials/LightFixture2.uasset" 427
"X:/EldritchHorrorGame/EldritchHorror/Content/Models/models_props/materials/LightFixture2.uexp" 428
"X:/EldritchHorrorGame/EldritchHorror/Content/Models/models_props/materials/LightFixture2Emmission.uasset" 429
"X:/EldritchHorrorGame/EldritchHorror/Content/Models/models_props/materials/LightFixture2Emmission.uexp" 430
"X:/EldritchHorrorGame/EldritchHorror/Content/Models/models_props/LightFixture_02.ubulk" 431
"X:/EldritchHorrorGame/EldritchHorror/Content/Models/models_props/LightFixture_02.uasset" 432
"X:/EldritchHorrorGame/EldritchHorror/Content/Models/models_props/LightFixture_02.uexp" 433
"X:/EldritchHorrorGame/EldritchHorror/Content/Sounds/LampBuzzAmbience.ubulk" 434
"X:/EldritchHorrorGame/EldritchHorror/Content/Sounds/LampBuzzAmbience.uasset" 435
"X:/EldritchHorrorGame/EldritchHorror/Content/Sounds/LampBuzzAmbience.uexp" 436
"X:/EldritchHorrorGame/EldritchHorror/Content/Sounds/Sources/LightSound.uasset" 437
"X:/EldritchHorrorGame/EldritchHorror/Content/Sounds/Sources/LightSound.uexp" 438
"X:/EldritchHorrorGame/EldritchHorror/Content/Lights/HangingLight.uasset" 439
"X:/EldritchHorrorGame/EldritchHorror/Content/Lights/HangingLight.uexp" 440
"X:/EldritchHorrorGame/EldritchHorror/Content/Movies/MediaPlayer.uasset" 441
"X:/EldritchHorrorGame/EldritchHorror/Content/Movies/MediaPlayer.uexp" 442
"X:/EldritchHorrorGame/EldritchHorror/Content/Movies/MediaPlayer_Video.uasset" 443
"X:/EldritchHorrorGame/EldritchHorror/Content/Movies/MediaPlayer_Video.uexp" 444
"X:/EldritchHorrorGame/EldritchHorror/Content/Movies/M_Video.uasset" 445
"X:/EldritchHorrorGame/EldritchHorror/Content/Movies/M_Video.uexp" 446
"X:/EldritchHorrorGame/EldritchHorror/Content/Movies/Intro.uasset" 447
"X:/EldritchHorrorGame/EldritchHorror/Content/Movies/Intro.uexp" 448
"X:/EldritchHorrorGame/EldritchHorror/Content/UI/WBP_Cutscene.uasset" 449
"X:/EldritchHorrorGame/EldritchHorror/Content/UI/WBP_Cutscene.uexp" 450
"X:/EldritchHorrorGame/EldritchHorror/Content/Models/models_props/materials/DoubleDoor.uasset" 451
"X:/EldritchHorrorGame/EldritchHorror/Content/Models/models_props/materials/DoubleDoor.uexp" 452
"X:/EldritchHorrorGame/EldritchHorror/Content/Models/models_props/materials/DoubleDoorGlass.uasset" 453
"X:/EldritchHorrorGame/EldritchHorror/Content/Models/models_props/materials/DoubleDoorGlass.uexp" 454
"X:/EldritchHorrorGame/EldritchHorror/Content/Models/models_props/materials/DoubleDoorMetal.uasset" 455
"X:/EldritchHorrorGame/EldritchHorror/Content/Models/models_props/materials/DoubleDoorMetal.uexp" 456
"X:/EldritchHorrorGame/EldritchHorror/Content/Models/models_props/Door_Window_01.ubulk" 457
"X:/EldritchHorrorGame/EldritchHorror/Content/Models/models_props/Door_Window_01.uasset" 458
"X:/EldritchHorrorGame/EldritchHorror/Content/Models/models_props/Door_Window_01.uexp" 459
"X:/EldritchHorrorGame/EldritchHorror/Content/Sounds/DoorOpen.ubulk" 460
"X:/EldritchHorrorGame/EldritchHorror/Content/Sounds/DoorOpen.uasset" 461
"X:/EldritchHorrorGame/EldritchHorror/Content/Sounds/DoorOpen.uexp" 462
"X:/EldritchHorrorGame/EldritchHorror/Content/Blueprints/DoubleDoor.uasset" 463
"X:/EldritchHorrorGame/EldritchHorror/Content/Blueprints/DoubleDoor.uexp" 464
"X:/EldritchHorrorGame/EldritchHorror/Content/Models/models_gameplay/textures/KeyCard_DefaultMaterial_BaseColor.ubulk" 465
"X:/EldritchHorrorGame/EldritchHorror/Content/Models/models_gameplay/textures/KeyCard_DefaultMaterial_BaseColor.uasset" 466
"X:/EldritchHorrorGame/EldritchHorror/Content/Models/models_gameplay/textures/KeyCard_DefaultMaterial_BaseColor.uexp" 467
"X:/EldritchHorrorGame/EldritchHorror/Content/Models/models_gameplay/KeyCard_M.uasset" 468
"X:/EldritchHorrorGame/EldritchHorror/Content/Models/models_gameplay/KeyCard_M.uexp" 469
"X:/EldritchHorrorGame/EldritchHorror/Content/Models/models_gameplay/KeyCard.ubulk" 470
"X:/EldritchHorrorGame/EldritchHorror/Content/Models/models_gameplay/KeyCard.uasset" 471
"X:/EldritchHorrorGame/EldritchHorror/Content/Models/models_gameplay/KeyCard.uexp" 472
"X:/EldritchHorrorGame/EldritchHorror/Content/FPWeapon/KeyCard.uasset" 473
"X:/EldritchHorrorGame/EldritchHorror/Content/FPWeapon/KeyCard.uexp" 474
"X:/EldritchHorrorGame/EldritchHorror/Content/Models/models_weapons/Batton.uasset" 475
"X:/EldritchHorrorGame/EldritchHorror/Content/Models/models_weapons/Batton.uexp" 476
"X:/EldritchHorrorGame/EldritchHorror/Content/Models/models_weapons/Batton_grip.uasset" 477
"X:/EldritchHorrorGame/EldritchHorror/Content/Models/models_weapons/Batton_grip.uexp" 478
"X:/EldritchHorrorGame/EldritchHorror/Content/Models/models_weapons/BattonLight.uasset" 479
"X:/EldritchHorrorGame/EldritchHorror/Content/Models/models_weapons/BattonLight.uexp" 480
"X:/EldritchHorrorGame/EldritchHorror/Content/Models/models_weapons/SecurityBatton.ubulk" 481
"X:/EldritchHorrorGame/EldritchHorror/Content/Models/models_weapons/SecurityBatton.uasset" 482
"X:/EldritchHorrorGame/EldritchHorror/Content/Models/models_weapons/SecurityBatton.uexp" 483
"X:/EldritchHorrorGame/EldritchHorror/Content/FPWeapon/BP_Baton.uasset" 484
"X:/EldritchHorrorGame/EldritchHorror/Content/FPWeapon/BP_Baton.uexp" 485
"X:/EldritchHorrorGame/EldritchHorror/Content/Sounds/MechanicalDoor.ubulk" 486
"X:/EldritchHorrorGame/EldritchHorror/Content/Sounds/MechanicalDoor.uasset" 487
"X:/EldritchHorrorGame/EldritchHorror/Content/Sounds/MechanicalDoor.uexp" 488
"X:/EldritchHorrorGame/EldritchHorror/Content/Models/models_props/materials/MehanicalDoorEmission.uasset" 489
"X:/EldritchHorrorGame/EldritchHorror/Content/Models/models_props/materials/MehanicalDoorEmission.uexp" 490
"X:/EldritchHorrorGame/EldritchHorror/Content/Models/models_props/materials/MechanicalDoor1.uasset" 491
"X:/EldritchHorrorGame/EldritchHorror/Content/Models/models_props/materials/MechanicalDoor1.uexp" 492
"X:/EldritchHorrorGame/EldritchHorror/Content/Models/models_props/MechanicalDoorFrame.ubulk" 493
"X:/EldritchHorrorGame/EldritchHorror/Content/Models/models_props/MechanicalDoorFrame.uasset" 494
"X:/EldritchHorrorGame/EldritchHorror/Content/Models/models_props/MechanicalDoorFrame.uexp" 495
"X:/EldritchHorrorGame/EldritchHorror/Content/Models/models_props/materials/MechanicalDoor1B.uasset" 496
"X:/EldritchHorrorGame/EldritchHorror/Content/Models/models_props/materials/MechanicalDoor1B.uexp" 497
"X:/EldritchHorrorGame/EldritchHorror/Content/Models/models_props/MechanicalDoor.ubulk" 498
"X:/EldritchHorrorGame/EldritchHorror/Content/Models/models_props/MechanicalDoor.uasset" 499
"X:/EldritchHorrorGame/EldritchHorror/Content/Models/models_props/MechanicalDoor.uexp" 500
"X:/EldritchHorrorGame/EldritchHorror/Content/Models/models_props/materials/MehanicalDoorEmission1.uasset" 501
"X:/EldritchHorrorGame/EldritchHorror/Content/Models/models_props/materials/MehanicalDoorEmission1.uexp" 502
"X:/EldritchHorrorGame/EldritchHorror/Content/Blueprints/BP_Door.uasset" 503
"X:/EldritchHorrorGame/EldritchHorror/Content/Blueprints/BP_Door.uexp" 504
"../../../Engine/Plugins/VirtualProduction/CameraCalibrationCore/Content/Materials/M_DefaultOddSquare.uasset" 505
"../../../Engine/Plugins/VirtualProduction/CameraCalibrationCore/Content/Materials/M_DefaultOddSquare.uexp" 506
"../../../Engine/Plugins/VirtualProduction/CameraCalibrationCore/Content/Materials/M_DefaultEvenSquare.uasset" 507
"../../../Engine/Plugins/VirtualProduction/CameraCalibrationCore/Content/Materials/M_DefaultEvenSquare.uexp" 508
"../../../Engine/Plugins/Runtime/HairStrands/Content/Materials/HairMeshesDefaultMaterial.uasset" 509
"../../../Engine/Plugins/Runtime/HairStrands/Content/Materials/HairMeshesDefaultMaterial.uexp" 510
"../../../Engine/Plugins/Runtime/HairStrands/Content/Materials/HairDefaultMaterial.uasset" 511
"../../../Engine/Plugins/Runtime/HairStrands/Content/Materials/HairDefaultMaterial.uexp" 512
"../../../Engine/Content/Functions/Engine_MaterialFunctions02/Utility/MakeFloat3.uasset" 513
"../../../Engine/Content/Functions/Engine_MaterialFunctions02/Utility/MakeFloat3.uexp" 514
"../../../Engine/Plugins/Runtime/HairStrands/Content/Materials/HairGroupColors.uasset" 515
"../../../Engine/Plugins/Runtime/HairStrands/Content/Materials/HairGroupColors.uexp" 516
"../../../Engine/Content/Functions/Engine_MaterialFunctions02/Utility/MakeFloat2.uasset" 517
"../../../Engine/Content/Functions/Engine_MaterialFunctions02/Utility/MakeFloat2.uexp" 518
"../../../Engine/Content/EngineMaterials/HairDebugColor.uasset" 519
"../../../Engine/Content/EngineMaterials/HairDebugColor.uexp" 520
"../../../Engine/Content/EngineMaterials/HairColorMap.uasset" 521
"../../../Engine/Content/EngineMaterials/HairColorMap.uexp" 522
"../../../Engine/Plugins/Runtime/HairStrands/Content/Materials/HairDebugMaterial.uasset" 523
"../../../Engine/Plugins/Runtime/HairStrands/Content/Materials/HairDebugMaterial.uexp" 524
"../../../Engine/Plugins/Runtime/HairStrands/Content/Materials/HairCardsDefaultMaterial.uasset" 525
"../../../Engine/Plugins/Runtime/HairStrands/Content/Materials/HairCardsDefaultMaterial.uexp" 526
"../../../Engine/Plugins/Runtime/AudioWidgets/Content/Resources/ScrubHandleDown_Clamped.uasset" 527
"../../../Engine/Plugins/Runtime/AudioWidgets/Content/Resources/ScrubHandleDown_Clamped.uexp" 528
"../../../Engine/Plugins/Interchange/Assets/Content/Functions/MX_UsdPreviewSurface.uasset" 529
"../../../Engine/Plugins/Interchange/Assets/Content/Functions/MX_UsdPreviewSurface.uexp" 530
"../../../Engine/Plugins/Interchange/Assets/Content/Functions/MX_UniformEDF.uasset" 531
"../../../Engine/Plugins/Interchange/Assets/Content/Functions/MX_UniformEDF.uexp" 532
"../../../Engine/Plugins/Interchange/Assets/Content/Functions/MX_TranslucentBSDF.uasset" 533
"../../../Engine/Plugins/Interchange/Assets/Content/Functions/MX_TranslucentBSDF.uexp" 534
"../../../Engine/Plugins/Interchange/Assets/Content/Functions/MX_ThinFilmBSDF.uasset" 535
"../../../Engine/Plugins/Interchange/Assets/Content/Functions/MX_ThinFilmBSDF.uexp" 536
"../../../Engine/Plugins/Interchange/Assets/Content/Functions/MX_SurfaceUnlit.uasset" 537
"../../../Engine/Plugins/Interchange/Assets/Content/Functions/MX_SurfaceUnlit.uexp" 538
"../../../Engine/Plugins/Interchange/Assets/Content/Functions/MX_Surface.uasset" 539
"../../../Engine/Plugins/Interchange/Assets/Content/Functions/MX_Surface.uexp" 540
"../../../Engine/Plugins/Interchange/Assets/Content/Functions/MX_SubsurfaceBSDF.uasset" 541
"../../../Engine/Plugins/Interchange/Assets/Content/Functions/MX_SubsurfaceBSDF.uexp" 542
"../../../Engine/Plugins/Interchange/Assets/Content/Functions/MX_SheenBSDF.uasset" 543
"../../../Engine/Plugins/Interchange/Assets/Content/Functions/MX_SheenBSDF.uexp" 544
"../../../Engine/Plugins/Interchange/Assets/Content/Functions/MX_OrenNayarBSDF.uasset" 545
"../../../Engine/Plugins/Interchange/Assets/Content/Functions/MX_OrenNayarBSDF.uexp" 546
"../../../Engine/Plugins/Interchange/Assets/Content/Functions/MF_IridescenceNoLUT.uasset" 547
"../../../Engine/Plugins/Interchange/Assets/Content/Functions/MF_IridescenceNoLUT.uexp" 548
"../../../Engine/Plugins/Interchange/Assets/Content/Functions/MX_StandardSurface.uasset" 549
"../../../Engine/Plugins/Interchange/Assets/Content/Functions/MX_StandardSurface.uexp" 550
"../../../Engine/Plugins/Interchange/Assets/Content/Functions/MX_TransmissionSurface.uasset" 551
"../../../Engine/Plugins/Interchange/Assets/Content/Functions/MX_TransmissionSurface.uexp" 552
"../../../Engine/Plugins/Interchange/Assets/Content/Functions/MX_OpenPBR_Translucent.uasset" 553
"../../../Engine/Plugins/Interchange/Assets/Content/Functions/MX_OpenPBR_Translucent.uexp" 554
"../../../Engine/Plugins/Interchange/Assets/Content/Functions/MX_OpenPBR_Opaque.uasset" 555
"../../../Engine/Plugins/Interchange/Assets/Content/Functions/MX_OpenPBR_Opaque.uexp" 556
"../../../Engine/Plugins/Interchange/Assets/Content/Functions/MX_MeasuredEDF.uasset" 557
"../../../Engine/Plugins/Interchange/Assets/Content/Functions/MX_MeasuredEDF.uexp" 558
"../../../Engine/Plugins/Interchange/Assets/Content/Functions/MX_GeneralizedSchlickBSDF.uasset" 559
"../../../Engine/Plugins/Interchange/Assets/Content/Functions/MX_GeneralizedSchlickBSDF.uexp" 560
"../../../Engine/Content/Functions/Engine_MaterialFunctions02/Utility/BlendAngleCorrectedNormals.uasset" 561
"../../../Engine/Content/Functions/Engine_MaterialFunctions02/Utility/BlendAngleCorrectedNormals.uexp" 562
"../../../Engine/Plugins/Interchange/Assets/Content/Functions/MX_Displacement.uasset" 563
"../../../Engine/Plugins/Interchange/Assets/Content/Functions/MX_Displacement.uexp" 564
"../../../Engine/Plugins/Interchange/Assets/Content/Functions/MX_DielectricBSDF.uasset" 565
"../../../Engine/Plugins/Interchange/Assets/Content/Functions/MX_DielectricBSDF.uexp" 566
"../../../Engine/Plugins/Interchange/Assets/Content/Functions/MX_ConicalEDF.uasset" 567
"../../../Engine/Plugins/Interchange/Assets/Content/Functions/MX_ConicalEDF.uexp" 568
"../../../Engine/Plugins/Interchange/Assets/Content/Functions/MX_ConductorBSDF.uasset" 569
"../../../Engine/Plugins/Interchange/Assets/Content/Functions/MX_ConductorBSDF.uexp" 570
"../../../Engine/Plugins/Interchange/Assets/Content/Functions/MX_BurleyDiffuseBSDF.uasset" 571
"../../../Engine/Plugins/Interchange/Assets/Content/Functions/MX_BurleyDiffuseBSDF.uexp" 572
"../../../Engine/Plugins/Interchange/Assets/Content/Functions/MX_AnisotropicVDF.uasset" 573
"../../../Engine/Plugins/Interchange/Assets/Content/Functions/MX_AnisotropicVDF.uexp" 574
"../../../Engine/Plugins/Interchange/Assets/Content/Functions/MX_AbsorptionVDF.uasset" 575
"../../../Engine/Plugins/Interchange/Assets/Content/Functions/MX_AbsorptionVDF.uexp" 576
"../../../Engine/Plugins/Experimental/Water/Content/Icons/WaterZoneActorSprite.ubulk" 577
"../../../Engine/Plugins/Experimental/Water/Content/Icons/WaterZoneActorSprite.uasset" 578
"../../../Engine/Plugins/Experimental/Water/Content/Icons/WaterZoneActorSprite.uexp" 579
"../../../Engine/Plugins/Experimental/Water/Content/Icons/WaterSprite.uasset" 580
"../../../Engine/Plugins/Experimental/Water/Content/Icons/WaterSprite.uexp" 581
"../../../Engine/Plugins/Experimental/Water/Content/Icons/WaterLandscapeBrushSprite.ubulk" 582
"../../../Engine/Plugins/Experimental/Water/Content/Icons/WaterLandscapeBrushSprite.uasset" 583
"../../../Engine/Plugins/Experimental/Water/Content/Icons/WaterLandscapeBrushSprite.uexp" 584
"../../../Engine/Plugins/Experimental/Water/Content/Icons/WaterErrorSprite.ubulk" 585
"../../../Engine/Plugins/Experimental/Water/Content/Icons/WaterErrorSprite.uasset" 586
"../../../Engine/Plugins/Experimental/Water/Content/Icons/WaterErrorSprite.uexp" 587
"../../../Engine/Plugins/Experimental/Water/Content/Icons/WaterBodyIslandSprite.uasset" 588
"../../../Engine/Plugins/Experimental/Water/Content/Icons/WaterBodyIslandSprite.uexp" 589
"../../../Engine/Plugins/Experimental/Water/Content/Icons/WaterBodyExclusionVolumeSprite.uasset" 590
"../../../Engine/Plugins/Experimental/Water/Content/Icons/WaterBodyExclusionVolumeSprite.uexp" 591
"../../../Engine/Plugins/Experimental/Water/Content/Curves/FloatCurve_WaterBodyIsland.uasset" 592
"../../../Engine/Plugins/Experimental/Water/Content/Curves/FloatCurve_WaterBodyIsland.uexp" 593
"../../../Engine/Plugins/Experimental/Water/Content/Curves/FloatCurve.uasset" 594
"../../../Engine/Plugins/Experimental/Water/Content/Curves/FloatCurve.uexp" 595
"../../../Engine/Content/Functions/Engine_MaterialFunctions02/Utility/VectorLength.uasset" 596
"../../../Engine/Content/Functions/Engine_MaterialFunctions02/Utility/VectorLength.uexp" 597
"../../../Engine/Content/Functions/Engine_MaterialFunctions02/Utility/BreakOutFloat3Components.uasset" 598
"../../../Engine/Content/Functions/Engine_MaterialFunctions02/Utility/BreakOutFloat3Components.uexp" 599
"../../../Engine/Content/Functions/Engine_MaterialFunctions02/ObjectLocalBounds.uasset" 600
"../../../Engine/Content/Functions/Engine_MaterialFunctions02/ObjectLocalBounds.uexp" 601
"../../../Engine/Content/Functions/Engine_MaterialFunctions02/WorldPositionOffset/ObjectScale.uasset" 602
"../../../Engine/Content/Functions/Engine_MaterialFunctions02/WorldPositionOffset/ObjectScale.uexp" 603
"../../../Engine/Content/Functions/Engine_MaterialFunctions02/SafeNormalize.uasset" 604
"../../../Engine/Content/Functions/Engine_MaterialFunctions02/SafeNormalize.uexp" 605
"../../../Engine/Plugins/Editor/SpeedTreeImporter/Content/SpeedTree9/Empty.uasset" 606
"../../../Engine/Plugins/Editor/SpeedTreeImporter/Content/SpeedTree9/Empty.uexp" 607
"../../../Engine/Plugins/Editor/SpeedTreeImporter/Content/SpeedTree9/EmptyNormal.uasset" 608
"../../../Engine/Plugins/Editor/SpeedTreeImporter/Content/SpeedTree9/EmptyNormal.uexp" 609
"../../../Engine/Plugins/Editor/SpeedTreeImporter/Content/SpeedTree9/game_wind_noise.ubulk" 610
"../../../Engine/Plugins/Editor/SpeedTreeImporter/Content/SpeedTree9/game_wind_noise.uasset" 611
"../../../Engine/Plugins/Editor/SpeedTreeImporter/Content/SpeedTree9/game_wind_noise.uexp" 612
"../../../Engine/Content/Functions/Engine_MaterialFunctions02/UVs/BoundingBoxBased_0-1_UVW.uasset" 613
"../../../Engine/Content/Functions/Engine_MaterialFunctions02/UVs/BoundingBoxBased_0-1_UVW.uexp" 614
"../../../Engine/Plugins/Editor/SpeedTreeImporter/Content/SpeedTree9/UnpackInteger3.uasset" 615
"../../../Engine/Plugins/Editor/SpeedTreeImporter/Content/SpeedTree9/UnpackInteger3.uexp" 616
"../../../Engine/Plugins/Editor/SpeedTreeImporter/Content/SpeedTree9/UnpackDirection.uasset" 617
"../../../Engine/Plugins/Editor/SpeedTreeImporter/Content/SpeedTree9/UnpackDirection.uexp" 618
"../../../Engine/Plugins/Editor/SpeedTreeImporter/Content/SpeedTree9/SpeedTreeWindMotion.uasset" 619
"../../../Engine/Plugins/Editor/SpeedTreeImporter/Content/SpeedTree9/SpeedTreeWindMotion.uexp" 620
"../../../Engine/Plugins/Editor/SpeedTreeImporter/Content/SpeedTree9/SpeedTreeBranchMotion.uasset" 621
"../../../Engine/Plugins/Editor/SpeedTreeImporter/Content/SpeedTree9/SpeedTreeBranchMotion.uexp" 622
"../../../Engine/Plugins/Editor/SpeedTreeImporter/Content/SpeedTree9/SpeedTreeWind.uasset" 623
"../../../Engine/Plugins/Editor/SpeedTreeImporter/Content/SpeedTree9/SpeedTreeWind.uexp" 624
"../../../Engine/Plugins/Editor/SpeedTreeImporter/Content/SpeedTree9/SpeedTreeCameraFacing.uasset" 625
"../../../Engine/Plugins/Editor/SpeedTreeImporter/Content/SpeedTree9/SpeedTreeCameraFacing.uexp" 626
"../../../Engine/Plugins/Editor/SpeedTreeImporter/Content/SpeedTree9/SpeedTreeMaster.uasset" 627
"../../../Engine/Plugins/Editor/SpeedTreeImporter/Content/SpeedTree9/SpeedTreeMaster.uexp" 628
"../../../Engine/Plugins/Editor/SpeedTreeImporter/Content/SpeedTree9/SpeedTreeBillboard.uasset" 629
"../../../Engine/Plugins/Editor/SpeedTreeImporter/Content/SpeedTree9/SpeedTreeBillboard.uexp" 630
"../../../Engine/Plugins/Editor/SpeedTreeImporter/Content/SpeedTree9/SpeedTreeBillboardMaster.uasset" 631
"../../../Engine/Plugins/Editor/SpeedTreeImporter/Content/SpeedTree9/SpeedTreeBillboardMaster.uexp" 632
"../../../Engine/Content/EditorMaterials/ParticleSystems/PSysThumbnail_OOD.ubulk" 633
"../../../Engine/Content/EditorMaterials/ParticleSystems/PSysThumbnail_OOD.uasset" 634
"../../../Engine/Content/EditorMaterials/ParticleSystems/PSysThumbnail_OOD.uexp" 635
"../../../Engine/Content/EditorMaterials/ParticleSystems/PSysThumbnail_NoImage.ubulk" 636
"../../../Engine/Content/EditorMaterials/ParticleSystems/PSysThumbnail_NoImage.uasset" 637
"../../../Engine/Content/EditorMaterials/ParticleSystems/PSysThumbnail_NoImage.uexp" 638
"../../../Engine/Content/EditorMaterials/Dataflow/DataflowVertexMaterial.uasset" 639
"../../../Engine/Content/EditorMaterials/Dataflow/DataflowVertexMaterial.uexp" 640
"../../../Engine/Content/EditorMaterials/Dataflow/DataflowTwoSidedVertexMaterial.uasset" 641
"../../../Engine/Content/EditorMaterials/Dataflow/DataflowTwoSidedVertexMaterial.uexp" 642
"../../../Engine/Content/EngineResources/FilmGrains/Marcie_Grain_v3_128_M2_000.uasset" 643
"../../../Engine/Content/EngineResources/FilmGrains/Marcie_Grain_v3_128_M2_000.uexp" 644
"../../../Engine/Content/EngineResources/Development/ZenLogo_64.uasset" 645
"../../../Engine/Content/EngineResources/Development/ZenLogo_64.uexp" 646
"../../../Engine/Content/EngineMaterials/LTC/Sheen_LTC.uasset" 647
"../../../Engine/Content/EngineMaterials/LTC/Sheen_LTC.uexp" 648
"../../../Engine/Content/EngineMaterials/LTC/GGX_LTCMat.uasset" 649
"../../../Engine/Content/EngineMaterials/LTC/GGX_LTCMat.uexp" 650
"../../../Engine/Content/EngineMaterials/LTC/GGX_LTCAmp.uasset" 651
"../../../Engine/Content/EngineMaterials/LTC/GGX_LTCAmp.uexp" 652
"../../../Engine/Content/EngineMaterials/EnergyConservation/Sheen_Energy.uasset" 653
"../../../Engine/Content/EngineMaterials/EnergyConservation/Sheen_Energy.uexp" 654
"../../../Engine/Content/EngineMaterials/EnergyConservation/SheenLegacy_Energy.uasset" 655
"../../../Engine/Content/EngineMaterials/EnergyConservation/SheenLegacy_Energy.uexp" 656
"../../../Engine/Content/EngineMaterials/EnergyConservation/GGX_TransmissionEnergyArray.uasset" 657
"../../../Engine/Content/EngineMaterials/EnergyConservation/GGX_TransmissionEnergyArray.uexp" 658
"../../../Engine/Content/EngineMaterials/EnergyConservation/GGX_ReflectionEnergy.uasset" 659
"../../../Engine/Content/EngineMaterials/EnergyConservation/GGX_ReflectionEnergy.uexp" 660
"../../../Engine/Content/EngineMaterials/EnergyConservation/Diffuse_Energy.uasset" 661
"../../../Engine/Content/EngineMaterials/EnergyConservation/Diffuse_Energy.uexp" 662
"../../../Engine/Content/EditorResources/SequenceRecorder/RecordingIndicator.uasset" 663
"../../../Engine/Content/EditorResources/SequenceRecorder/RecordingIndicator.uexp" 664
"../../../Engine/Content/EditorResources/SequenceRecorder/Countdown.uasset" 665
"../../../Engine/Content/EditorResources/SequenceRecorder/Countdown.uexp" 666
"../../../Engine/Plugins/Experimental/Landmass/Content/Landscape/Meshes/S_SpritePlane.ubulk" 667
"../../../Engine/Plugins/Experimental/Landmass/Content/Landscape/Meshes/S_SpritePlane.uasset" 668
"../../../Engine/Plugins/Experimental/Landmass/Content/Landscape/Meshes/S_SpritePlane.uexp" 669
"../../../Engine/Content/VREditor/TransformGizmo/Xray.uasset" 670
"../../../Engine/Content/VREditor/TransformGizmo/Xray.uexp" 671
"../../../Engine/Content/VREditor/TransformGizmo/Main.uasset" 672
"../../../Engine/Content/VREditor/TransformGizmo/Main.uexp" 673
"../../../Engine/Content/VREditor/TransformGizmo/SM_Sequencer_Node.ubulk" 674
"../../../Engine/Content/VREditor/TransformGizmo/SM_Sequencer_Node.uasset" 675
"../../../Engine/Content/VREditor/TransformGizmo/SM_Sequencer_Node.uexp" 676
"../../../Engine/Content/VREditor/LaserPointer/VR_LaserPower_01.ubulk" 677
"../../../Engine/Content/VREditor/LaserPointer/VR_LaserPower_01.uasset" 678
"../../../Engine/Content/VREditor/LaserPointer/VR_LaserPower_01.uexp" 679
"../../../Engine/Content/VREditor/TransformGizmo/TransformGizmoMaterial.uasset" 680
"../../../Engine/Content/VREditor/TransformGizmo/TransformGizmoMaterial.uexp" 681
"../../../Engine/Content/VREditor/TransformGizmo/TranslucentTransformGizmoMaterial.uasset" 682
"../../../Engine/Content/VREditor/TransformGizmo/TranslucentTransformGizmoMaterial.uexp" 683
"../../../Engine/Content/VREditor/TransformGizmo/BoundingBoxEdge.ubulk" 684
"../../../Engine/Content/VREditor/TransformGizmo/BoundingBoxEdge.uasset" 685
"../../../Engine/Content/VREditor/TransformGizmo/BoundingBoxEdge.uexp" 686
"../../../Engine/Content/VREditor/TransformGizmo/BoundingBoxCorner.ubulk" 687
"../../../Engine/Content/VREditor/TransformGizmo/BoundingBoxCorner.uasset" 688
"../../../Engine/Content/VREditor/TransformGizmo/BoundingBoxCorner.uexp" 689
"X:/EldritchHorrorGame/EldritchHorror/Content/StarterContent/Textures/T_Metal_Gold_N.ubulk" 690
"X:/EldritchHorrorGame/EldritchHorror/Content/StarterContent/Textures/T_Metal_Gold_N.uasset" 691
"X:/EldritchHorrorGame/EldritchHorror/Content/StarterContent/Textures/T_Metal_Gold_N.uexp" 692
"X:/EldritchHorrorGame/EldritchHorror/Content/StarterContent/Textures/T_Metal_Aluminum_D.ubulk" 693
"X:/EldritchHorrorGame/EldritchHorror/Content/StarterContent/Textures/T_Metal_Aluminum_D.uasset" 694
"X:/EldritchHorrorGame/EldritchHorror/Content/StarterContent/Textures/T_Metal_Aluminum_D.uexp" 695
"X:/EldritchHorrorGame/EldritchHorror/Content/StarterContent/Textures/T_MacroVariation.uasset" 696
"X:/EldritchHorrorGame/EldritchHorror/Content/StarterContent/Textures/T_MacroVariation.uexp" 697
"X:/EldritchHorrorGame/EldritchHorror/Content/StarterContent/Materials/M_Metal_Burnished_Steel.uasset" 698
"X:/EldritchHorrorGame/EldritchHorror/Content/StarterContent/Materials/M_Metal_Burnished_Steel.uexp" 699
"X:/EldritchHorrorGame/EldritchHorror/Content/Sounds/GlacierBreakAmbience.ubulk" 700
"X:/EldritchHorrorGame/EldritchHorror/Content/Sounds/GlacierBreakAmbience.uasset" 701
"X:/EldritchHorrorGame/EldritchHorror/Content/Sounds/GlacierBreakAmbience.uexp" 702
"X:/EldritchHorrorGame/EldritchHorror/Content/Sounds/Trigger/OneShotSound.uasset" 703
"X:/EldritchHorrorGame/EldritchHorror/Content/Sounds/Trigger/OneShotSound.uexp" 704
"X:/EldritchHorrorGame/EldritchHorror/Content/Sounds/ComputerAmbience.ubulk" 705
"X:/EldritchHorrorGame/EldritchHorror/Content/Sounds/ComputerAmbience.uasset" 706
"X:/EldritchHorrorGame/EldritchHorror/Content/Sounds/ComputerAmbience.uexp" 707
"X:/EldritchHorrorGame/EldritchHorror/Content/Sounds/Sources/ComputerAmbience.uasset" 708
"X:/EldritchHorrorGame/EldritchHorror/Content/Sounds/Sources/ComputerAmbience.uexp" 709
"X:/EldritchHorrorGame/EldritchHorror/Content/Sounds/ArtifactAmbience.ubulk" 710
"X:/EldritchHorrorGame/EldritchHorror/Content/Sounds/ArtifactAmbience.uasset" 711
"X:/EldritchHorrorGame/EldritchHorror/Content/Sounds/ArtifactAmbience.uexp" 712
"X:/EldritchHorrorGame/EldritchHorror/Content/Sounds/Sources/ArtifactSource.uasset" 713
"X:/EldritchHorrorGame/EldritchHorror/Content/Sounds/Sources/ArtifactSource.uexp" 714
"X:/EldritchHorrorGame/EldritchHorror/Content/Models/models_props/materials/TV_Screen.uasset" 715
"X:/EldritchHorrorGame/EldritchHorror/Content/Models/models_props/materials/TV_Screen.uexp" 716
"X:/EldritchHorrorGame/EldritchHorror/Content/Models/models_props/materials/TVTime_Material_011_OcclusionRoughnessMetallic.ubulk" 717
"X:/EldritchHorrorGame/EldritchHorror/Content/Models/models_props/materials/TVTime_Material_011_OcclusionRoughnessMetallic.uasset" 718
"X:/EldritchHorrorGame/EldritchHorror/Content/Models/models_props/materials/TVTime_Material_011_OcclusionRoughnessMetallic.uexp" 719
"X:/EldritchHorrorGame/EldritchHorror/Content/Models/models_props/materials/TVTime_Material_011_Normal.ubulk" 720
"X:/EldritchHorrorGame/EldritchHorror/Content/Models/models_props/materials/TVTime_Material_011_Normal.uasset" 721
"X:/EldritchHorrorGame/EldritchHorror/Content/Models/models_props/materials/TVTime_Material_011_Normal.uexp" 722
"X:/EldritchHorrorGame/EldritchHorror/Content/Models/models_props/materials/TVTime_Material_011_BaseColor.ubulk" 723
"X:/EldritchHorrorGame/EldritchHorror/Content/Models/models_props/materials/TVTime_Material_011_BaseColor.uasset" 724
"X:/EldritchHorrorGame/EldritchHorror/Content/Models/models_props/materials/TVTime_Material_011_BaseColor.uexp" 725
"X:/EldritchHorrorGame/EldritchHorror/Content/Models/models_props/materials/TV_TEXT.uasset" 726
"X:/EldritchHorrorGame/EldritchHorror/Content/Models/models_props/materials/TV_TEXT.uexp" 727
"X:/EldritchHorrorGame/EldritchHorror/Content/Models/models_props/TV.ubulk" 728
"X:/EldritchHorrorGame/EldritchHorror/Content/Models/models_props/TV.uasset" 729
"X:/EldritchHorrorGame/EldritchHorror/Content/Models/models_props/TV.uexp" 730
"X:/EldritchHorrorGame/EldritchHorror/Content/Models/models_props/materials/CellToilet.uasset" 731
"X:/EldritchHorrorGame/EldritchHorror/Content/Models/models_props/materials/CellToilet.uexp" 732
"X:/EldritchHorrorGame/EldritchHorror/Content/Models/models_props/Toilet_Cell.ubulk" 733
"X:/EldritchHorrorGame/EldritchHorror/Content/Models/models_props/Toilet_Cell.uasset" 734
"X:/EldritchHorrorGame/EldritchHorror/Content/Models/models_props/Toilet_Cell.uexp" 735
"X:/EldritchHorrorGame/EldritchHorror/Content/Models/models_props/SmallTable.ubulk" 736
"X:/EldritchHorrorGame/EldritchHorror/Content/Models/models_props/SmallTable.uasset" 737
"X:/EldritchHorrorGame/EldritchHorror/Content/Models/models_props/SmallTable.uexp" 738
"X:/EldritchHorrorGame/EldritchHorror/Content/Models/models_props/Shelf.ubulk" 739
"X:/EldritchHorrorGame/EldritchHorror/Content/Models/models_props/Shelf.uasset" 740
"X:/EldritchHorrorGame/EldritchHorror/Content/Models/models_props/Shelf.uexp" 741
"X:/EldritchHorrorGame/EldritchHorror/Content/Models/models_props/materials/Material_001.uasset" 742
"X:/EldritchHorrorGame/EldritchHorror/Content/Models/models_props/materials/Material_001.uexp" 743
"X:/EldritchHorrorGame/EldritchHorror/Content/Models/models_props/Prop_WhiteBoard.ubulk" 744
"X:/EldritchHorrorGame/EldritchHorror/Content/Models/models_props/Prop_WhiteBoard.uasset" 745
"X:/EldritchHorrorGame/EldritchHorror/Content/Models/models_props/Prop_WhiteBoard.uexp" 746
"X:/EldritchHorrorGame/EldritchHorror/Content/Models/models_props/Prop_Strecher.ubulk" 747
"X:/EldritchHorrorGame/EldritchHorror/Content/Models/models_props/Prop_Strecher.uasset" 748
"X:/EldritchHorrorGame/EldritchHorror/Content/Models/models_props/Prop_Strecher.uexp" 749
"X:/EldritchHorrorGame/EldritchHorror/Content/Models/models_props/materials/Rails.uasset" 750
"X:/EldritchHorrorGame/EldritchHorror/Content/Models/models_props/materials/Rails.uexp" 751
"X:/EldritchHorrorGame/EldritchHorror/Content/Models/models_props/Prop_stack.ubulk" 752
"X:/EldritchHorrorGame/EldritchHorror/Content/Models/models_props/Prop_stack.uasset" 753
"X:/EldritchHorrorGame/EldritchHorror/Content/Models/models_props/Prop_stack.uexp" 754
"X:/EldritchHorrorGame/EldritchHorror/Content/Models/models_props/Prop_sink.ubulk" 755
"X:/EldritchHorrorGame/EldritchHorror/Content/Models/models_props/Prop_sink.uasset" 756
"X:/EldritchHorrorGame/EldritchHorror/Content/Models/models_props/Prop_sink.uexp" 757
"X:/EldritchHorrorGame/EldritchHorror/Content/Models/models_props/Prop_scissors_.ubulk" 758
"X:/EldritchHorrorGame/EldritchHorror/Content/Models/models_props/Prop_scissors_.uasset" 759
"X:/EldritchHorrorGame/EldritchHorror/Content/Models/models_props/Prop_scissors_.uexp" 760
"X:/EldritchHorrorGame/EldritchHorror/Content/Models/models_props/Prop_Phone_High_001.ubulk" 761
"X:/EldritchHorrorGame/EldritchHorror/Content/Models/models_props/Prop_Phone_High_001.uasset" 762
"X:/EldritchHorrorGame/EldritchHorror/Content/Models/models_props/Prop_Phone_High_001.uexp" 763
"X:/EldritchHorrorGame/EldritchHorror/Content/Models/models_props/Prop_Phone_High.ubulk" 764
"X:/EldritchHorrorGame/EldritchHorror/Content/Models/models_props/Prop_Phone_High.uasset" 765
"X:/EldritchHorrorGame/EldritchHorror/Content/Models/models_props/Prop_Phone_High.uexp" 766
"X:/EldritchHorrorGame/EldritchHorror/Content/Models/models_props/Prop_Phone_Base.ubulk" 767
"X:/EldritchHorrorGame/EldritchHorror/Content/Models/models_props/Prop_Phone_Base.uasset" 768
"X:/EldritchHorrorGame/EldritchHorror/Content/Models/models_props/Prop_Phone_Base.uexp" 769
"X:/EldritchHorrorGame/EldritchHorror/Content/Models/models_props/Prop_Jug_base_003.ubulk" 770
"X:/EldritchHorrorGame/EldritchHorror/Content/Models/models_props/Prop_Jug_base_003.uasset" 771
"X:/EldritchHorrorGame/EldritchHorror/Content/Models/models_props/Prop_Jug_base_003.uexp" 772
"X:/EldritchHorrorGame/EldritchHorror/Content/Models/models_props/Prop_Gun_Low.ubulk" 773
"X:/EldritchHorrorGame/EldritchHorror/Content/Models/models_props/Prop_Gun_Low.uasset" 774
"X:/EldritchHorrorGame/EldritchHorror/Content/Models/models_props/Prop_Gun_Low.uexp" 775
"X:/EldritchHorrorGame/EldritchHorror/Content/Models/models_props/Prop_Gun_Holder.ubulk" 776
"X:/EldritchHorrorGame/EldritchHorror/Content/Models/models_props/Prop_Gun_Holder.uasset" 777
"X:/EldritchHorrorGame/EldritchHorror/Content/Models/models_props/Prop_Gun_Holder.uexp" 778
"X:/EldritchHorrorGame/EldritchHorror/Content/Models/models_props/Prop_gas_can.ubulk" 779
"X:/EldritchHorrorGame/EldritchHorror/Content/Models/models_props/Prop_gas_can.uasset" 780
"X:/EldritchHorrorGame/EldritchHorror/Content/Models/models_props/Prop_gas_can.uexp" 781
"X:/EldritchHorrorGame/EldritchHorror/Content/Models/models_props/materials/Metal_2.uasset" 782
"X:/EldritchHorrorGame/EldritchHorror/Content/Models/models_props/materials/Metal_2.uexp" 783
"X:/EldritchHorrorGame/EldritchHorror/Content/Models/models_props/materials/Metal_001.uasset" 784
"X:/EldritchHorrorGame/EldritchHorror/Content/Models/models_props/materials/Metal_001.uexp" 785
"X:/EldritchHorrorGame/EldritchHorror/Content/Models/models_props/Prop_Cylinder_002.ubulk" 786
"X:/EldritchHorrorGame/EldritchHorror/Content/Models/models_props/Prop_Cylinder_002.uasset" 787
"X:/EldritchHorrorGame/EldritchHorror/Content/Models/models_props/Prop_Cylinder_002.uexp" 788
"X:/EldritchHorrorGame/EldritchHorror/Content/Models/models_props/Prop_Cylinder_001.ubulk" 789
"X:/EldritchHorrorGame/EldritchHorror/Content/Models/models_props/Prop_Cylinder_001.uasset" 790
"X:/EldritchHorrorGame/EldritchHorror/Content/Models/models_props/Prop_Cylinder_001.uexp" 791
"X:/EldritchHorrorGame/EldritchHorror/Content/Models/models_props/Prop_Contaner.ubulk" 792
"X:/EldritchHorrorGame/EldritchHorror/Content/Models/models_props/Prop_Contaner.uasset" 793
"X:/EldritchHorrorGame/EldritchHorror/Content/Models/models_props/Prop_Contaner.uexp" 794
"X:/EldritchHorrorGame/EldritchHorror/Content/Models/models_props/materials/Material_002.uasset" 795
"X:/EldritchHorrorGame/EldritchHorror/Content/Models/models_props/materials/Material_002.uexp" 796
"X:/EldritchHorrorGame/EldritchHorror/Content/Models/models_props/Prop_Circle.ubulk" 797
"X:/EldritchHorrorGame/EldritchHorror/Content/Models/models_props/Prop_Circle.uasset" 798
"X:/EldritchHorrorGame/EldritchHorror/Content/Models/models_props/Prop_Circle.uexp" 799
"X:/EldritchHorrorGame/EldritchHorror/Content/Models/models_props/Prop_Chair_Foldable.ubulk" 800
"X:/EldritchHorrorGame/EldritchHorror/Content/Models/models_props/Prop_Chair_Foldable.uasset" 801
"X:/EldritchHorrorGame/EldritchHorror/Content/Models/models_props/Prop_Chair_Foldable.uexp" 802
"X:/EldritchHorrorGame/EldritchHorror/Content/Models/models_props/Prop_Board_Note_PTD.ubulk" 803
"X:/EldritchHorrorGame/EldritchHorror/Content/Models/models_props/Prop_Board_Note_PTD.uasset" 804
"X:/EldritchHorrorGame/EldritchHorror/Content/Models/models_props/Prop_Board_Note_PTD.uexp" 805
"X:/EldritchHorrorGame/EldritchHorror/Content/Models/models_props/Prop_Base_BIN_001.ubulk" 806
"X:/EldritchHorrorGame/EldritchHorror/Content/Models/models_props/Prop_Base_BIN_001.uasset" 807
"X:/EldritchHorrorGame/EldritchHorror/Content/Models/models_props/Prop_Base_BIN_001.uexp" 808
"X:/EldritchHorrorGame/EldritchHorror/Content/Models/models_props/materials/OutletBronze.uasset" 809
"X:/EldritchHorrorGame/EldritchHorror/Content/Models/models_props/materials/OutletBronze.uexp" 810
"X:/EldritchHorrorGame/EldritchHorror/Content/Models/models_props/materials/Outlet.uasset" 811
"X:/EldritchHorrorGame/EldritchHorror/Content/Models/models_props/materials/Outlet.uexp" 812
"X:/EldritchHorrorGame/EldritchHorror/Content/Models/models_props/outlet1.ubulk" 813
"X:/EldritchHorrorGame/EldritchHorror/Content/Models/models_props/outlet1.uasset" 814
"X:/EldritchHorrorGame/EldritchHorror/Content/Models/models_props/outlet1.uexp" 815
"X:/EldritchHorrorGame/EldritchHorror/Content/Models/models_props/materials/OfficeDividerMetal.uasset" 816
"X:/EldritchHorrorGame/EldritchHorror/Content/Models/models_props/materials/OfficeDividerMetal.uexp" 817
"X:/EldritchHorrorGame/EldritchHorror/Content/Models/models_props/materials/OfficeDividerGlass.uasset" 818
"X:/EldritchHorrorGame/EldritchHorror/Content/Models/models_props/materials/OfficeDividerGlass.uexp" 819
"X:/EldritchHorrorGame/EldritchHorror/Content/Models/models_props/materials/OfficeDeviderCloth.uasset" 820
"X:/EldritchHorrorGame/EldritchHorror/Content/Models/models_props/materials/OfficeDeviderCloth.uexp" 821
"X:/EldritchHorrorGame/EldritchHorror/Content/Models/models_props/OfficeDivider.ubulk" 822
"X:/EldritchHorrorGame/EldritchHorror/Content/Models/models_props/OfficeDivider.uasset" 823
"X:/EldritchHorrorGame/EldritchHorror/Content/Models/models_props/OfficeDivider.uexp" 824
"X:/EldritchHorrorGame/EldritchHorror/Content/Models/models_props/Lightswitch_01.ubulk" 825
"X:/EldritchHorrorGame/EldritchHorror/Content/Models/models_props/Lightswitch_01.uasset" 826
"X:/EldritchHorrorGame/EldritchHorror/Content/Models/models_props/Lightswitch_01.uexp" 827
"X:/EldritchHorrorGame/EldritchHorror/Content/Models/models_props/materials/LightFixture1Emission.uasset" 828
"X:/EldritchHorrorGame/EldritchHorror/Content/Models/models_props/materials/LightFixture1Emission.uexp" 829
"X:/EldritchHorrorGame/EldritchHorror/Content/Models/models_props/materials/LightFixture1.uasset" 830
"X:/EldritchHorrorGame/EldritchHorror/Content/Models/models_props/materials/LightFixture1.uexp" 831
"X:/EldritchHorrorGame/EldritchHorror/Content/Models/models_props/LightFixture_01.ubulk" 832
"X:/EldritchHorrorGame/EldritchHorror/Content/Models/models_props/LightFixture_01.uasset" 833
"X:/EldritchHorrorGame/EldritchHorror/Content/Models/models_props/LightFixture_01.uexp" 834
"X:/EldritchHorrorGame/EldritchHorror/Content/Models/models_props/materials/FoodServiceTrayGlass.uasset" 835
"X:/EldritchHorrorGame/EldritchHorror/Content/Models/models_props/materials/FoodServiceTrayGlass.uexp" 836
"X:/EldritchHorrorGame/EldritchHorror/Content/Models/models_props/materials/FoodServiceTrayMetal.uasset" 837
"X:/EldritchHorrorGame/EldritchHorror/Content/Models/models_props/materials/FoodServiceTrayMetal.uexp" 838
"X:/EldritchHorrorGame/EldritchHorror/Content/Models/models_props/food_service_tray.ubulk" 839
"X:/EldritchHorrorGame/EldritchHorror/Content/Models/models_props/food_service_tray.uasset" 840
"X:/EldritchHorrorGame/EldritchHorror/Content/Models/models_props/food_service_tray.uexp" 841
"X:/EldritchHorrorGame/EldritchHorror/Content/Models/models_props/FilingCabinet.ubulk" 842
"X:/EldritchHorrorGame/EldritchHorror/Content/Models/models_props/FilingCabinet.uasset" 843
"X:/EldritchHorrorGame/EldritchHorror/Content/Models/models_props/FilingCabinet.uexp" 844
"X:/EldritchHorrorGame/EldritchHorror/Content/Models/models_props/ElectricCabinet01.ubulk" 845
"X:/EldritchHorrorGame/EldritchHorror/Content/Models/models_props/ElectricCabinet01.uasset" 846
"X:/EldritchHorrorGame/EldritchHorror/Content/Models/models_props/ElectricCabinet01.uexp" 847
"X:/EldritchHorrorGame/EldritchHorror/Content/Models/models_props/DoorFrame_Single_01.ubulk" 848
"X:/EldritchHorrorGame/EldritchHorror/Content/Models/models_props/DoorFrame_Single_01.uasset" 849
"X:/EldritchHorrorGame/EldritchHorror/Content/Models/models_props/DoorFrame_Single_01.uexp" 850
"X:/EldritchHorrorGame/EldritchHorror/Content/Models/models_props/DoorFrame_Double_01.ubulk" 851
"X:/EldritchHorrorGame/EldritchHorror/Content/Models/models_props/DoorFrame_Double_01.uasset" 852
"X:/EldritchHorrorGame/EldritchHorror/Content/Models/models_props/DoorFrame_Double_01.uexp" 853
"X:/EldritchHorrorGame/EldritchHorror/Content/Models/models_props/Desk_01.ubulk" 854
"X:/EldritchHorrorGame/EldritchHorror/Content/Models/models_props/Desk_01.uasset" 855
"X:/EldritchHorrorGame/EldritchHorror/Content/Models/models_props/Desk_01.uexp" 856
"X:/EldritchHorrorGame/EldritchHorror/Content/Models/models_props/materials/JailDoor.uasset" 857
"X:/EldritchHorrorGame/EldritchHorror/Content/Models/models_props/materials/JailDoor.uexp" 858
"X:/EldritchHorrorGame/EldritchHorror/Content/Models/models_props/materials/JailDoorMetal.uasset" 859
"X:/EldritchHorrorGame/EldritchHorror/Content/Models/models_props/materials/JailDoorMetal.uexp" 860
"X:/EldritchHorrorGame/EldritchHorror/Content/Models/models_props/CellDoorFrame.ubulk" 861
"X:/EldritchHorrorGame/EldritchHorror/Content/Models/models_props/CellDoorFrame.uasset" 862
"X:/EldritchHorrorGame/EldritchHorror/Content/Models/models_props/CellDoorFrame.uexp" 863
"X:/EldritchHorrorGame/EldritchHorror/Content/Models/models_props/materials/JailDoorWindow.uasset" 864
"X:/EldritchHorrorGame/EldritchHorror/Content/Models/models_props/materials/JailDoorWindow.uexp" 865
"X:/EldritchHorrorGame/EldritchHorror/Content/Models/models_props/CellDoor.ubulk" 866
"X:/EldritchHorrorGame/EldritchHorror/Content/Models/models_props/CellDoor.uasset" 867
"X:/EldritchHorrorGame/EldritchHorror/Content/Models/models_props/CellDoor.uexp" 868
"X:/EldritchHorrorGame/EldritchHorror/Content/Models/models_props/materials/cafe_table_01/cafe_table_01_CafeteriaTableFrame_BaseColor.ubulk" 869
"X:/EldritchHorrorGame/EldritchHorror/Content/Models/models_props/materials/cafe_table_01/cafe_table_01_CafeteriaTableFrame_BaseColor.uasset" 870
"X:/EldritchHorrorGame/EldritchHorror/Content/Models/models_props/materials/cafe_table_01/cafe_table_01_CafeteriaTableFrame_BaseColor.uexp" 871
"X:/EldritchHorrorGame/EldritchHorror/Content/Models/models_props/materials/cafe_table_01/cafe_table_01_CafeteriaTableChair_OcclusionRoughnessMetallic.ubulk" 872
"X:/EldritchHorrorGame/EldritchHorror/Content/Models/models_props/materials/cafe_table_01/cafe_table_01_CafeteriaTableChair_OcclusionRoughnessMetallic.uasset" 873
"X:/EldritchHorrorGame/EldritchHorror/Content/Models/models_props/materials/cafe_table_01/cafe_table_01_CafeteriaTableChair_OcclusionRoughnessMetallic.uexp" 874
"X:/EldritchHorrorGame/EldritchHorror/Content/Models/models_props/materials/cafe_table_01/cafe_table_01_CafeteriaTableChair_Normal.ubulk" 875
"X:/EldritchHorrorGame/EldritchHorror/Content/Models/models_props/materials/cafe_table_01/cafe_table_01_CafeteriaTableChair_Normal.uasset" 876
"X:/EldritchHorrorGame/EldritchHorror/Content/Models/models_props/materials/cafe_table_01/cafe_table_01_CafeteriaTableChair_Normal.uexp" 877
"X:/EldritchHorrorGame/EldritchHorror/Content/Models/models_props/materials/cafe_table_01/CafeteriaTableFrame.uasset" 878
"X:/EldritchHorrorGame/EldritchHorror/Content/Models/models_props/materials/cafe_table_01/CafeteriaTableFrame.uexp" 879
"X:/EldritchHorrorGame/EldritchHorror/Content/Models/models_props/cafe_table_01.ubulk" 880
"X:/EldritchHorrorGame/EldritchHorror/Content/Models/models_props/cafe_table_01.uasset" 881
"X:/EldritchHorrorGame/EldritchHorror/Content/Models/models_props/cafe_table_01.uexp" 882
"X:/EldritchHorrorGame/EldritchHorror/Content/Models/models_gameplay/textures/KeyCardReader_KeycardReaderEmission_OcclusionRoughnessMetallic.ubulk" 883
"X:/EldritchHorrorGame/EldritchHorror/Content/Models/models_gameplay/textures/KeyCardReader_KeycardReaderEmission_OcclusionRoughnessMetallic.uasset" 884
"X:/EldritchHorrorGame/EldritchHorror/Content/Models/models_gameplay/textures/KeyCardReader_KeycardReaderEmission_OcclusionRoughnessMetallic.uexp" 885
"X:/EldritchHorrorGame/EldritchHorror/Content/Models/models_gameplay/textures/KeyCardReader_KeycardReaderEmission_Normal.ubulk" 886
"X:/EldritchHorrorGame/EldritchHorror/Content/Models/models_gameplay/textures/KeyCardReader_KeycardReaderEmission_Normal.uasset" 887
"X:/EldritchHorrorGame/EldritchHorror/Content/Models/models_gameplay/textures/KeyCardReader_KeycardReaderEmission_Normal.uexp" 888
"X:/EldritchHorrorGame/EldritchHorror/Content/Models/models_gameplay/textures/KeyCardReader_KeycardReaderEmission_BaseColor.ubulk" 889
"X:/EldritchHorrorGame/EldritchHorror/Content/Models/models_gameplay/textures/KeyCardReader_KeycardReaderEmission_BaseColor.uasset" 890
"X:/EldritchHorrorGame/EldritchHorror/Content/Models/models_gameplay/textures/KeyCardReader_KeycardReaderEmission_BaseColor.uexp" 891
"X:/EldritchHorrorGame/EldritchHorror/Content/Models/models_gameplay/KeycardReaderEmission.uasset" 892
"X:/EldritchHorrorGame/EldritchHorror/Content/Models/models_gameplay/KeycardReaderEmission.uexp" 893
"X:/EldritchHorrorGame/EldritchHorror/Content/Models/models_gameplay/textures/KeyCardReader_KeyCardReader_OcclusionRoughnessMetallic.ubulk" 894
"X:/EldritchHorrorGame/EldritchHorror/Content/Models/models_gameplay/textures/KeyCardReader_KeyCardReader_OcclusionRoughnessMetallic.uasset" 895
"X:/EldritchHorrorGame/EldritchHorror/Content/Models/models_gameplay/textures/KeyCardReader_KeyCardReader_OcclusionRoughnessMetallic.uexp" 896
"X:/EldritchHorrorGame/EldritchHorror/Content/Models/models_gameplay/textures/KeyCardReader_KeyCardReader_Normal.ubulk" 897
"X:/EldritchHorrorGame/EldritchHorror/Content/Models/models_gameplay/textures/KeyCardReader_KeyCardReader_Normal.uasset" 898
"X:/EldritchHorrorGame/EldritchHorror/Content/Models/models_gameplay/textures/KeyCardReader_KeyCardReader_Normal.uexp" 899
"X:/EldritchHorrorGame/EldritchHorror/Content/Models/models_gameplay/textures/KeyCardReader_KeyCardReader_BaseColor.ubulk" 900
"X:/EldritchHorrorGame/EldritchHorror/Content/Models/models_gameplay/textures/KeyCardReader_KeyCardReader_BaseColor.uasset" 901
"X:/EldritchHorrorGame/EldritchHorror/Content/Models/models_gameplay/textures/KeyCardReader_KeyCardReader_BaseColor.uexp" 902
"X:/EldritchHorrorGame/EldritchHorror/Content/Models/models_gameplay/KeyCardReader.uasset" 903
"X:/EldritchHorrorGame/EldritchHorror/Content/Models/models_gameplay/KeyCardReader.uexp" 904
"X:/EldritchHorrorGame/EldritchHorror/Content/Models/models_gameplay/KeyCardReader1.ubulk" 905
"X:/EldritchHorrorGame/EldritchHorror/Content/Models/models_gameplay/KeyCardReader1.uasset" 906
"X:/EldritchHorrorGame/EldritchHorror/Content/Models/models_gameplay/KeyCardReader1.uexp" 907
"../../../Engine/Content/BasicShapes/Cube.ubulk" 908
"../../../Engine/Content/BasicShapes/Cube.uasset" 909
"../../../Engine/Content/BasicShapes/Cube.uexp" 910
"X:/EldritchHorrorGame/EldritchHorror/Content/Sounds/MouseClickTerminal.ubulk" 911
"X:/EldritchHorrorGame/EldritchHorror/Content/Sounds/MouseClickTerminal.uasset" 912
"X:/EldritchHorrorGame/EldritchHorror/Content/Sounds/MouseClickTerminal.uexp" 913
"X:/EldritchHorrorGame/EldritchHorror/Content/Models/models_gameplay/BP_Terminal.uasset" 914
"X:/EldritchHorrorGame/EldritchHorror/Content/Models/models_gameplay/BP_Terminal.uexp" 915
"../../../Engine/Content/EngineResources/DefaultTexture.ubulk" 916
"../../../Engine/Content/EngineResources/DefaultTexture.uasset" 917
"../../../Engine/Content/EngineResources/DefaultTexture.uexp" 918
"../../../Engine/Content/Functions/Engine_MaterialFunctions01/Shading/ConvertFromDiffSpec.uasset" 919
"../../../Engine/Content/Functions/Engine_MaterialFunctions01/Shading/ConvertFromDiffSpec.uexp" 920
"../../../Engine/Content/EngineMaterials/DefaultNormal.ubulk" 921
"../../../Engine/Content/EngineMaterials/DefaultNormal.uasset" 922
"../../../Engine/Content/EngineMaterials/DefaultNormal.uexp" 923
"../../../Engine/Plugins/Interchange/Assets/Content/Materials/MapOrColorFunction.uasset" 924
"../../../Engine/Plugins/Interchange/Assets/Content/Materials/MapOrColorFunction.uexp" 925
"../../../Engine/Plugins/Interchange/Assets/Content/Materials/MapOrLinearColorFunction.uasset" 926
"../../../Engine/Plugins/Interchange/Assets/Content/Materials/MapOrLinearColorFunction.uexp" 927
"../../../Engine/Plugins/Interchange/Assets/Content/Materials/MapOrScalarFunction.uasset" 928
"../../../Engine/Plugins/Interchange/Assets/Content/Materials/MapOrScalarFunction.uexp" 929
"../../../Engine/Plugins/Interchange/Assets/Content/Materials/PhongSurfaceMaterial.uasset" 930
"../../../Engine/Plugins/Interchange/Assets/Content/Materials/PhongSurfaceMaterial.uexp" 931
"X:/EldritchHorrorGame/EldritchHorror/Content/Models/Cafe/CafeMet/Cafe_Wall.uasset" 932
"X:/EldritchHorrorGame/EldritchHorror/Content/Models/Cafe/CafeMet/Cafe_Wall.uexp" 933
"X:/EldritchHorrorGame/EldritchHorror/Content/Models/Cafe/CafeMet/Cafe_Connect.uasset" 934
"X:/EldritchHorrorGame/EldritchHorror/Content/Models/Cafe/CafeMet/Cafe_Connect.uexp" 935
"X:/EldritchHorrorGame/EldritchHorror/Content/Models/Cafe/CafeMet/Cafe_Floor.uasset" 936
"X:/EldritchHorrorGame/EldritchHorror/Content/Models/Cafe/CafeMet/Cafe_Floor.uexp" 937
"X:/EldritchHorrorGame/EldritchHorror/Content/Models/Cafe/Cafe_Room.ubulk" 938
"X:/EldritchHorrorGame/EldritchHorror/Content/Models/Cafe/Cafe_Room.uasset" 939
"X:/EldritchHorrorGame/EldritchHorror/Content/Models/Cafe/Cafe_Room.uexp" 940
"X:/EldritchHorrorGame/EldritchHorror/Content/Models/Cafe/Rails.uasset" 941
"X:/EldritchHorrorGame/EldritchHorror/Content/Models/Cafe/Rails.uexp" 942
"X:/EldritchHorrorGame/EldritchHorror/Content/Models/Cafe/Cafe_Railing.ubulk" 943
"X:/EldritchHorrorGame/EldritchHorror/Content/Models/Cafe/Cafe_Railing.uasset" 944
"X:/EldritchHorrorGame/EldritchHorror/Content/Models/Cafe/Cafe_Railing.uexp" 945
"X:/EldritchHorrorGame/EldritchHorror/Content/Models/Cafe/Cafe_Plair.ubulk" 946
"X:/EldritchHorrorGame/EldritchHorror/Content/Models/Cafe/Cafe_Plair.uasset" 947
"X:/EldritchHorrorGame/EldritchHorror/Content/Models/Cafe/Cafe_Plair.uexp" 948
"X:/EldritchHorrorGame/EldritchHorror/Content/Input/Touch/BPI_TouchInterface.uasset" 949
"X:/EldritchHorrorGame/EldritchHorror/Content/Input/Touch/BPI_TouchInterface.uexp" 950
"X:/EldritchHorrorGame/EldritchHorror/Content/FirstPerson/EnemyAI/BP_TeleportPoint.uasset" 951
"X:/EldritchHorrorGame/EldritchHorror/Content/FirstPerson/EnemyAI/BP_TeleportPoint.uexp" 952
"X:/EldritchHorrorGame/EldritchHorror/Content/Sounds/Heartbeat.ubulk" 953
"X:/EldritchHorrorGame/EldritchHorror/Content/Sounds/Heartbeat.uasset" 954
"X:/EldritchHorrorGame/EldritchHorror/Content/Sounds/Heartbeat.uexp" 955
"../../../Engine/Plugins/Animation/ControlRig/Content/Controls/DefaultGizmoLibraryNormalized.uasset" 956
"../../../Engine/Plugins/Animation/ControlRig/Content/Controls/DefaultGizmoLibraryNormalized.uexp" 957
"X:/EldritchHorrorGame/EldritchHorror/Content/Monster_RIG/GuardRoom/Monster/Shamber_CR.uasset" 958
"X:/EldritchHorrorGame/EldritchHorror/Content/Monster_RIG/GuardRoom/Monster/Shamber_CR.uexp" 959
"X:/EldritchHorrorGame/EldritchHorror/Content/Monster_RIG/GuardRoom/Monster/Shamber2_Skeleton.uasset" 960
"X:/EldritchHorrorGame/EldritchHorror/Content/Monster_RIG/GuardRoom/Monster/Shamber2_Skeleton.uexp" 961
"../../../Engine/Plugins/Animation/ACLPlugin/Content/ACLAnimCurveCompressionSettings.uasset" 962
"../../../Engine/Plugins/Animation/ACLPlugin/Content/ACLAnimCurveCompressionSettings.uexp" 963
"../../../Engine/Plugins/Animation/ACLPlugin/Content/ACLAnimBoneCompressionSettings.uasset" 964
"../../../Engine/Plugins/Animation/ACLPlugin/Content/ACLAnimBoneCompressionSettings.uexp" 965
"X:/EldritchHorrorGame/EldritchHorror/Content/Monster_RIG/GuardRoom/Monster/Shamberwalk_Anim.uasset" 966
"X:/EldritchHorrorGame/EldritchHorror/Content/Monster_RIG/GuardRoom/Monster/Shamberwalk_Anim.uexp" 967
"X:/EldritchHorrorGame/EldritchHorror/Content/Monster_RIG/GuardRoom/Monster/Shambler_Skeleton_AnimBlueprint.uasset" 968
"X:/EldritchHorrorGame/EldritchHorror/Content/Monster_RIG/GuardRoom/Monster/Shambler_Skeleton_AnimBlueprint.uexp" 969
"X:/EldritchHorrorGame/EldritchHorror/Content/Animations/Batton.uasset" 970
"X:/EldritchHorrorGame/EldritchHorror/Content/Animations/Batton.uexp" 971
"X:/EldritchHorrorGame/EldritchHorror/Content/Monster_RIG/GuardRoom/Monster/Shamber2_PhysicsAsset.uasset" 972
"X:/EldritchHorrorGame/EldritchHorror/Content/Monster_RIG/GuardRoom/Monster/Shamber2_PhysicsAsset.uexp" 973
"X:/EldritchHorrorGame/EldritchHorror/Content/Monster_RIG/GuardRoom/Monster/Shamber2.uasset" 974
"X:/EldritchHorrorGame/EldritchHorror/Content/Monster_RIG/GuardRoom/Monster/Shamber2.uexp" 975
"X:/EldritchHorrorGame/EldritchHorror/Content/FirstPerson/EnemyAI/BP_Enemy.uasset" 976
"X:/EldritchHorrorGame/EldritchHorror/Content/FirstPerson/EnemyAI/BP_Enemy.uexp" 977
"../../../Engine/Content/ArtTools/RenderToTexture/Meshes/S_1_Unit_Plane.ubulk" 978
"../../../Engine/Content/ArtTools/RenderToTexture/Meshes/S_1_Unit_Plane.uasset" 979
"../../../Engine/Content/ArtTools/RenderToTexture/Meshes/S_1_Unit_Plane.uexp" 980
"X:/EldritchHorrorGame/EldritchHorror/Content/Monster_RIG/GuardRoom/Monster/Shamber_Low_Fin2_Material_OcclusionRoughnessMetallic.ubulk" 981
"X:/EldritchHorrorGame/EldritchHorror/Content/Monster_RIG/GuardRoom/Monster/Shamber_Low_Fin2_Material_OcclusionRoughnessMetallic.uasset" 982
"X:/EldritchHorrorGame/EldritchHorror/Content/Monster_RIG/GuardRoom/Monster/Shamber_Low_Fin2_Material_OcclusionRoughnessMetallic.uexp" 983
"X:/EldritchHorrorGame/EldritchHorror/Content/Monster_RIG/GuardRoom/Monster/Shamber_Low_Fin2_Material_Normal.ubulk" 984
"X:/EldritchHorrorGame/EldritchHorror/Content/Monster_RIG/GuardRoom/Monster/Shamber_Low_Fin2_Material_Normal.uasset" 985
"X:/EldritchHorrorGame/EldritchHorror/Content/Monster_RIG/GuardRoom/Monster/Shamber_Low_Fin2_Material_Normal.uexp" 986
"X:/EldritchHorrorGame/EldritchHorror/Content/Monster_RIG/GuardRoom/Monster/Shamber_Low_Fin2_Material_BaseColor.ubulk" 987
"X:/EldritchHorrorGame/EldritchHorror/Content/Monster_RIG/GuardRoom/Monster/Shamber_Low_Fin2_Material_BaseColor.uasset" 988
"X:/EldritchHorrorGame/EldritchHorror/Content/Monster_RIG/GuardRoom/Monster/Shamber_Low_Fin2_Material_BaseColor.uexp" 989
"X:/EldritchHorrorGame/EldritchHorror/Content/Monster_RIG/GuardRoom/Monster/Shamber.uasset" 990
"X:/EldritchHorrorGame/EldritchHorror/Content/Monster_RIG/GuardRoom/Monster/Shamber.uexp" 991
"../../../Engine/Content/Functions/Engine_MaterialFunctions02/HueShift.uasset" 992
"../../../Engine/Content/Functions/Engine_MaterialFunctions02/HueShift.uexp" 993
"X:/EldritchHorrorGame/EldritchHorror/Content/Models/map_mesh/Cells/Textures/yellow_dossier_plastic_surface_roughness.ubulk" 994
"X:/EldritchHorrorGame/EldritchHorror/Content/Models/map_mesh/Cells/Textures/yellow_dossier_plastic_surface_roughness.uasset" 995
"X:/EldritchHorrorGame/EldritchHorror/Content/Models/map_mesh/Cells/Textures/yellow_dossier_plastic_surface_roughness.uexp" 996
"X:/EldritchHorrorGame/EldritchHorror/Content/Models/map_mesh/Cells/Textures/yellow_dossier_plastic_surface_normal.ubulk" 997
"X:/EldritchHorrorGame/EldritchHorror/Content/Models/map_mesh/Cells/Textures/yellow_dossier_plastic_surface_normal.uasset" 998
"X:/EldritchHorrorGame/EldritchHorror/Content/Models/map_mesh/Cells/Textures/yellow_dossier_plastic_surface_normal.uexp" 999
"X:/EldritchHorrorGame/EldritchHorror/Content/Models/map_mesh/Cells/Textures/yellow_dossier_plastic_surface_height.ubulk" 1000
"X:/EldritchHorrorGame/EldritchHorror/Content/Models/map_mesh/Cells/Textures/yellow_dossier_plastic_surface_height.uasset" 1001
"X:/EldritchHorrorGame/EldritchHorror/Content/Models/map_mesh/Cells/Textures/yellow_dossier_plastic_surface_height.uexp" 1002
"X:/EldritchHorrorGame/EldritchHorror/Content/Models/map_mesh/Cells/Textures/yellow_dossier_plastic_surface_color.ubulk" 1003
"X:/EldritchHorrorGame/EldritchHorror/Content/Models/map_mesh/Cells/Textures/yellow_dossier_plastic_surface_color.uasset" 1004
"X:/EldritchHorrorGame/EldritchHorror/Content/Models/map_mesh/Cells/Textures/yellow_dossier_plastic_surface_color.uexp" 1005
"X:/EldritchHorrorGame/EldritchHorror/Content/Models/map_mesh/Cells/Blue_Plastic.uasset" 1006
"X:/EldritchHorrorGame/EldritchHorror/Content/Models/map_mesh/Cells/Blue_Plastic.uexp" 1007
"X:/EldritchHorrorGame/EldritchHorror/Content/Models/map_mesh/Cells/Yellow_Dossier_Plastic_Surface.uasset" 1008
"X:/EldritchHorrorGame/EldritchHorror/Content/Models/map_mesh/Cells/Yellow_Dossier_Plastic_Surface.uexp" 1009
"X:/EldritchHorrorGame/EldritchHorror/Content/Models/map_mesh/Cells/wall_brick_Mat_3.uasset" 1010
"X:/EldritchHorrorGame/EldritchHorror/Content/Models/map_mesh/Cells/wall_brick_Mat_3.uexp" 1011
"X:/EldritchHorrorGame/EldritchHorror/Content/Models/map_mesh/Cells/wall_brick_Mat_2_002.uasset" 1012
"X:/EldritchHorrorGame/EldritchHorror/Content/Models/map_mesh/Cells/wall_brick_Mat_2_002.uexp" 1013
"X:/EldritchHorrorGame/EldritchHorror/Content/Models/map_mesh/Cells/wall_brick_Mat_2_001.uasset" 1014
"X:/EldritchHorrorGame/EldritchHorror/Content/Models/map_mesh/Cells/wall_brick_Mat_2_001.uexp" 1015
"X:/EldritchHorrorGame/EldritchHorror/Content/Models/map_mesh/Cells/wall_brick_Mat_1_002.uasset" 1016
"X:/EldritchHorrorGame/EldritchHorror/Content/Models/map_mesh/Cells/wall_brick_Mat_1_002.uexp" 1017
"X:/EldritchHorrorGame/EldritchHorror/Content/Models/map_mesh/Cells/wall_brick_Mat_1_001.uasset" 1018
"X:/EldritchHorrorGame/EldritchHorror/Content/Models/map_mesh/Cells/wall_brick_Mat_1_001.uexp" 1019
"X:/EldritchHorrorGame/EldritchHorror/Content/Models/map_mesh/Cells/wall_brick_Mat_002.uasset" 1020
"X:/EldritchHorrorGame/EldritchHorror/Content/Models/map_mesh/Cells/wall_brick_Mat_002.uexp" 1021
"X:/EldritchHorrorGame/EldritchHorror/Content/Models/map_mesh/Cells/wall_brick_Mat_001.uasset" 1022
"X:/EldritchHorrorGame/EldritchHorror/Content/Models/map_mesh/Cells/wall_brick_Mat_001.uexp" 1023
"X:/EldritchHorrorGame/EldritchHorror/Content/Models/map_mesh/Cells/WallLightEmmisive.uasset" 1024
"X:/EldritchHorrorGame/EldritchHorror/Content/Models/map_mesh/Cells/WallLightEmmisive.uexp" 1025
"../../../Engine/Content/Functions/Engine_MaterialFunctions01/Opacity/Chroma_Key_Alpha.uasset" 1026
"../../../Engine/Content/Functions/Engine_MaterialFunctions01/Opacity/Chroma_Key_Alpha.uexp" 1027
"X:/EldritchHorrorGame/EldritchHorror/Content/Models/map_mesh/Cells/TestTubeGlass.uasset" 1028
"X:/EldritchHorrorGame/EldritchHorror/Content/Models/map_mesh/Cells/TestTubeGlass.uexp" 1029
"X:/EldritchHorrorGame/EldritchHorror/Content/Models/map_mesh/Cells/Textures/Rust_Iron__Old_Iron__Normal.ubulk" 1030
"X:/EldritchHorrorGame/EldritchHorror/Content/Models/map_mesh/Cells/Textures/Rust_Iron__Old_Iron__Normal.uasset" 1031
"X:/EldritchHorrorGame/EldritchHorror/Content/Models/map_mesh/Cells/Textures/Rust_Iron__Old_Iron__Normal.uexp" 1032
"X:/EldritchHorrorGame/EldritchHorror/Content/Models/map_mesh/Cells/Textures/Rust_Iron__Old_Iron__Roughness.ubulk" 1033
"X:/EldritchHorrorGame/EldritchHorror/Content/Models/map_mesh/Cells/Textures/Rust_Iron__Old_Iron__Roughness.uasset" 1034
"X:/EldritchHorrorGame/EldritchHorror/Content/Models/map_mesh/Cells/Textures/Rust_Iron__Old_Iron__Roughness.uexp" 1035
"X:/EldritchHorrorGame/EldritchHorror/Content/Models/map_mesh/Cells/Rust_Iron__Old_Iron_.uasset" 1036
"X:/EldritchHorrorGame/EldritchHorror/Content/Models/map_mesh/Cells/Rust_Iron__Old_Iron_.uexp" 1037
"X:/EldritchHorrorGame/EldritchHorror/Content/Models/map_mesh/Cells/Rusty_Worn_Metal.uasset" 1038
"X:/EldritchHorrorGame/EldritchHorror/Content/Models/map_mesh/Cells/Rusty_Worn_Metal.uexp" 1039
"X:/EldritchHorrorGame/EldritchHorror/Content/Models/map_mesh/Cells/Textures/WhiteMetal_diffuse.ubulk" 1040
"X:/EldritchHorrorGame/EldritchHorror/Content/Models/map_mesh/Cells/Textures/WhiteMetal_diffuse.uasset" 1041
"X:/EldritchHorrorGame/EldritchHorror/Content/Models/map_mesh/Cells/Textures/WhiteMetal_diffuse.uexp" 1042
"X:/EldritchHorrorGame/EldritchHorror/Content/Models/map_mesh/Cells/Textures/WhiteMetal_normal.ubulk" 1043
"X:/EldritchHorrorGame/EldritchHorror/Content/Models/map_mesh/Cells/Textures/WhiteMetal_normal.uasset" 1044
"X:/EldritchHorrorGame/EldritchHorror/Content/Models/map_mesh/Cells/Textures/WhiteMetal_normal.uexp" 1045
"X:/EldritchHorrorGame/EldritchHorror/Content/Models/map_mesh/Cells/Textures/WhiteMetal_roughness.ubulk" 1046
"X:/EldritchHorrorGame/EldritchHorror/Content/Models/map_mesh/Cells/Textures/WhiteMetal_roughness.uasset" 1047
"X:/EldritchHorrorGame/EldritchHorror/Content/Models/map_mesh/Cells/Textures/WhiteMetal_roughness.uexp" 1048
"X:/EldritchHorrorGame/EldritchHorror/Content/Models/map_mesh/Cells/Old_White_Metal.uasset" 1049
"X:/EldritchHorrorGame/EldritchHorror/Content/Models/map_mesh/Cells/Old_White_Metal.uexp" 1050
"X:/EldritchHorrorGame/EldritchHorror/Content/Models/map_mesh/Cells/Old_Metal___Old_Iron_.uasset" 1051
"X:/EldritchHorrorGame/EldritchHorror/Content/Models/map_mesh/Cells/Old_Metal___Old_Iron_.uexp" 1052
"X:/EldritchHorrorGame/EldritchHorror/Content/Models/map_mesh/Cells/Textures/OfficeCeiling001_2K_Color.ubulk" 1053
"X:/EldritchHorrorGame/EldritchHorror/Content/Models/map_mesh/Cells/Textures/OfficeCeiling001_2K_Color.uasset" 1054
"X:/EldritchHorrorGame/EldritchHorror/Content/Models/map_mesh/Cells/Textures/OfficeCeiling001_2K_Color.uexp" 1055
"X:/EldritchHorrorGame/EldritchHorror/Content/Models/map_mesh/Cells/Textures/OfficeCeiling001_2K_Normal.ubulk" 1056
"X:/EldritchHorrorGame/EldritchHorror/Content/Models/map_mesh/Cells/Textures/OfficeCeiling001_2K_Normal.uasset" 1057
"X:/EldritchHorrorGame/EldritchHorror/Content/Models/map_mesh/Cells/Textures/OfficeCeiling001_2K_Normal.uexp" 1058
"X:/EldritchHorrorGame/EldritchHorror/Content/Models/map_mesh/Cells/Textures/OfficeCeiling001_2K_Roughness.ubulk" 1059
"X:/EldritchHorrorGame/EldritchHorror/Content/Models/map_mesh/Cells/Textures/OfficeCeiling001_2K_Roughness.uasset" 1060
"X:/EldritchHorrorGame/EldritchHorror/Content/Models/map_mesh/Cells/Textures/OfficeCeiling001_2K_Roughness.uexp" 1061
"X:/EldritchHorrorGame/EldritchHorror/Content/Models/map_mesh/Cells/Textures/OfficeCeiling001_2K_Metalness.ubulk" 1062
"X:/EldritchHorrorGame/EldritchHorror/Content/Models/map_mesh/Cells/Textures/OfficeCeiling001_2K_Metalness.uasset" 1063
"X:/EldritchHorrorGame/EldritchHorror/Content/Models/map_mesh/Cells/Textures/OfficeCeiling001_2K_Metalness.uexp" 1064
"X:/EldritchHorrorGame/EldritchHorror/Content/Models/map_mesh/Cells/Office_Ceiling.uasset" 1065
"X:/EldritchHorrorGame/EldritchHorror/Content/Models/map_mesh/Cells/Office_Ceiling.uexp" 1066
"X:/EldritchHorrorGame/EldritchHorror/Content/Models/map_mesh/Cells/Metal_Grate_Flooring.uasset" 1067
"X:/EldritchHorrorGame/EldritchHorror/Content/Models/map_mesh/Cells/Metal_Grate_Flooring.uexp" 1068
"X:/EldritchHorrorGame/EldritchHorror/Content/Models/map_mesh/Cells/Textures/metal-12_diffuse.uasset" 1069
"X:/EldritchHorrorGame/EldritchHorror/Content/Models/map_mesh/Cells/Textures/metal-12_diffuse.uexp" 1070
"X:/EldritchHorrorGame/EldritchHorror/Content/Models/map_mesh/Cells/Textures/metal-12_normal.uasset" 1071
"X:/EldritchHorrorGame/EldritchHorror/Content/Models/map_mesh/Cells/Textures/metal-12_normal.uexp" 1072
"X:/EldritchHorrorGame/EldritchHorror/Content/Models/map_mesh/Cells/Metal_Grate.uasset" 1073
"X:/EldritchHorrorGame/EldritchHorror/Content/Models/map_mesh/Cells/Metal_Grate.uexp" 1074
"X:/EldritchHorrorGame/EldritchHorror/Content/Models/map_mesh/Cells/LightFixture4_Emmision.uasset" 1075
"X:/EldritchHorrorGame/EldritchHorror/Content/Models/map_mesh/Cells/LightFixture4_Emmision.uexp" 1076
"X:/EldritchHorrorGame/EldritchHorror/Content/Models/map_mesh/Cells/MapModelling_LightFixture4_BaseColor.ubulk" 1077
"X:/EldritchHorrorGame/EldritchHorror/Content/Models/map_mesh/Cells/MapModelling_LightFixture4_BaseColor.uasset" 1078
"X:/EldritchHorrorGame/EldritchHorror/Content/Models/map_mesh/Cells/MapModelling_LightFixture4_BaseColor.uexp" 1079
"X:/EldritchHorrorGame/EldritchHorror/Content/Models/map_mesh/Cells/LightFixture4.uasset" 1080
"X:/EldritchHorrorGame/EldritchHorror/Content/Models/map_mesh/Cells/LightFixture4.uexp" 1081
"X:/EldritchHorrorGame/EldritchHorror/Content/Models/map_mesh/Cells/JailDoors_DefaultMaterial_BaseColor.ubulk" 1082
"X:/EldritchHorrorGame/EldritchHorror/Content/Models/map_mesh/Cells/JailDoors_DefaultMaterial_BaseColor.uasset" 1083
"X:/EldritchHorrorGame/EldritchHorror/Content/Models/map_mesh/Cells/JailDoors_DefaultMaterial_BaseColor.uexp" 1084
"X:/EldritchHorrorGame/EldritchHorror/Content/Models/map_mesh/Cells/JailCell.uasset" 1085
"X:/EldritchHorrorGame/EldritchHorror/Content/Models/map_mesh/Cells/JailCell.uexp" 1086
"X:/EldritchHorrorGame/EldritchHorror/Content/Models/map_mesh/Cells/Fbx_Default_Material_002.uasset" 1087
"X:/EldritchHorrorGame/EldritchHorror/Content/Models/map_mesh/Cells/Fbx_Default_Material_002.uexp" 1088
"X:/EldritchHorrorGame/EldritchHorror/Content/Models/map_mesh/Cells/Fbx_Default_Material_001.uasset" 1089
"X:/EldritchHorrorGame/EldritchHorror/Content/Models/map_mesh/Cells/Fbx_Default_Material_001.uexp" 1090
"X:/EldritchHorrorGame/EldritchHorror/Content/Models/map_mesh/Cells/ElevatorButton.uasset" 1091
"X:/EldritchHorrorGame/EldritchHorror/Content/Models/map_mesh/Cells/ElevatorButton.uexp" 1092
"X:/EldritchHorrorGame/EldritchHorror/Content/Models/map_mesh/Cells/Textures/Cracked_concrete_wall_BaseColor.ubulk" 1093
"X:/EldritchHorrorGame/EldritchHorror/Content/Models/map_mesh/Cells/Textures/Cracked_concrete_wall_BaseColor.uasset" 1094
"X:/EldritchHorrorGame/EldritchHorror/Content/Models/map_mesh/Cells/Textures/Cracked_concrete_wall_BaseColor.uexp" 1095
"X:/EldritchHorrorGame/EldritchHorror/Content/Models/map_mesh/Cells/Textures/Cracked_concrete_wall_Normal.ubulk" 1096
"X:/EldritchHorrorGame/EldritchHorror/Content/Models/map_mesh/Cells/Textures/Cracked_concrete_wall_Normal.uasset" 1097
"X:/EldritchHorrorGame/EldritchHorror/Content/Models/map_mesh/Cells/Textures/Cracked_concrete_wall_Normal.uexp" 1098
"X:/EldritchHorrorGame/EldritchHorror/Content/Models/map_mesh/Cells/Textures/Cracked_concrete_wall_Roughness.ubulk" 1099
"X:/EldritchHorrorGame/EldritchHorror/Content/Models/map_mesh/Cells/Textures/Cracked_concrete_wall_Roughness.uasset" 1100
"X:/EldritchHorrorGame/EldritchHorror/Content/Models/map_mesh/Cells/Textures/Cracked_concrete_wall_Roughness.uexp" 1101
"X:/EldritchHorrorGame/EldritchHorror/Content/Models/map_mesh/Cells/Textures/Cracked_concrete_wall_Displacement.ubulk" 1102
"X:/EldritchHorrorGame/EldritchHorror/Content/Models/map_mesh/Cells/Textures/Cracked_concrete_wall_Displacement.uasset" 1103
"X:/EldritchHorrorGame/EldritchHorror/Content/Models/map_mesh/Cells/Textures/Cracked_concrete_wall_Displacement.uexp" 1104
"X:/EldritchHorrorGame/EldritchHorror/Content/Models/map_mesh/Cells/Cracked_concrete_wall.uasset" 1105
"X:/EldritchHorrorGame/EldritchHorror/Content/Models/map_mesh/Cells/Cracked_concrete_wall.uexp" 1106
"X:/EldritchHorrorGame/EldritchHorror/Content/Models/map_mesh/Cells/Textures/Stylized_27_ConcreteTiles_roughness.ubulk" 1107
"X:/EldritchHorrorGame/EldritchHorror/Content/Models/map_mesh/Cells/Textures/Stylized_27_ConcreteTiles_roughness.uasset" 1108
"X:/EldritchHorrorGame/EldritchHorror/Content/Models/map_mesh/Cells/Textures/Stylized_27_ConcreteTiles_roughness.uexp" 1109
"X:/EldritchHorrorGame/EldritchHorror/Content/Models/map_mesh/Cells/Textures/Stylized_27_ConcreteTiles_normal.ubulk" 1110
"X:/EldritchHorrorGame/EldritchHorror/Content/Models/map_mesh/Cells/Textures/Stylized_27_ConcreteTiles_normal.uasset" 1111
"X:/EldritchHorrorGame/EldritchHorror/Content/Models/map_mesh/Cells/Textures/Stylized_27_ConcreteTiles_normal.uexp" 1112
"X:/EldritchHorrorGame/EldritchHorror/Content/Models/map_mesh/Cells/Textures/Stylized_27_ConcreteTiles_basecolor.ubulk" 1113
"X:/EldritchHorrorGame/EldritchHorror/Content/Models/map_mesh/Cells/Textures/Stylized_27_ConcreteTiles_basecolor.uasset" 1114
"X:/EldritchHorrorGame/EldritchHorror/Content/Models/map_mesh/Cells/Textures/Stylized_27_ConcreteTiles_basecolor.uexp" 1115
"X:/EldritchHorrorGame/EldritchHorror/Content/Models/map_mesh/Cells/Concrete_Tiles.uasset" 1116
"X:/EldritchHorrorGame/EldritchHorror/Content/Models/map_mesh/Cells/Concrete_Tiles.uexp" 1117
"X:/EldritchHorrorGame/EldritchHorror/Content/Models/map_mesh/Cells/Textures/concrete_glossiness.ubulk" 1118
"X:/EldritchHorrorGame/EldritchHorror/Content/Models/map_mesh/Cells/Textures/concrete_glossiness.uasset" 1119
"X:/EldritchHorrorGame/EldritchHorror/Content/Models/map_mesh/Cells/Textures/concrete_glossiness.uexp" 1120
"X:/EldritchHorrorGame/EldritchHorror/Content/Models/map_mesh/Cells/Textures/concrete_diffuse.ubulk" 1121
"X:/EldritchHorrorGame/EldritchHorror/Content/Models/map_mesh/Cells/Textures/concrete_diffuse.uasset" 1122
"X:/EldritchHorrorGame/EldritchHorror/Content/Models/map_mesh/Cells/Textures/concrete_diffuse.uexp" 1123
"X:/EldritchHorrorGame/EldritchHorror/Content/Models/map_mesh/Cells/Textures/concrete_ao.ubulk" 1124
"X:/EldritchHorrorGame/EldritchHorror/Content/Models/map_mesh/Cells/Textures/concrete_ao.uasset" 1125
"X:/EldritchHorrorGame/EldritchHorror/Content/Models/map_mesh/Cells/Textures/concrete_ao.uexp" 1126
"X:/EldritchHorrorGame/EldritchHorror/Content/Models/map_mesh/Cells/Concrete_panels.uasset" 1127
"X:/EldritchHorrorGame/EldritchHorror/Content/Models/map_mesh/Cells/Concrete_panels.uexp" 1128
"X:/EldritchHorrorGame/EldritchHorror/Content/Models/map_mesh/Cells/Textures/concrete_mix_6.ubulk" 1129
"X:/EldritchHorrorGame/EldritchHorror/Content/Models/map_mesh/Cells/Textures/concrete_mix_6.uasset" 1130
"X:/EldritchHorrorGame/EldritchHorror/Content/Models/map_mesh/Cells/Textures/concrete_mix_6.uexp" 1131
"X:/EldritchHorrorGame/EldritchHorror/Content/Models/map_mesh/Cells/Textures/concrete_mix_6_normal.ubulk" 1132
"X:/EldritchHorrorGame/EldritchHorror/Content/Models/map_mesh/Cells/Textures/concrete_mix_6_normal.uasset" 1133
"X:/EldritchHorrorGame/EldritchHorror/Content/Models/map_mesh/Cells/Textures/concrete_mix_6_normal.uexp" 1134
"X:/EldritchHorrorGame/EldritchHorror/Content/Models/map_mesh/Cells/Textures/concrete_mix_6_displace.ubulk" 1135
"X:/EldritchHorrorGame/EldritchHorror/Content/Models/map_mesh/Cells/Textures/concrete_mix_6_displace.uasset" 1136
"X:/EldritchHorrorGame/EldritchHorror/Content/Models/map_mesh/Cells/Textures/concrete_mix_6_displace.uexp" 1137
"X:/EldritchHorrorGame/EldritchHorror/Content/Models/map_mesh/Cells/Concrete_Cracked_002.uasset" 1138
"X:/EldritchHorrorGame/EldritchHorror/Content/Models/map_mesh/Cells/Concrete_Cracked_002.uexp" 1139
"X:/EldritchHorrorGame/EldritchHorror/Content/Models/map_mesh/Cells/Textures/concrete_22_color.ubulk" 1140
"X:/EldritchHorrorGame/EldritchHorror/Content/Models/map_mesh/Cells/Textures/concrete_22_color.uasset" 1141
"X:/EldritchHorrorGame/EldritchHorror/Content/Models/map_mesh/Cells/Textures/concrete_22_color.uexp" 1142
"X:/EldritchHorrorGame/EldritchHorror/Content/Models/map_mesh/Cells/Textures/concrete_22_normal.ubulk" 1143
"X:/EldritchHorrorGame/EldritchHorror/Content/Models/map_mesh/Cells/Textures/concrete_22_normal.uasset" 1144
"X:/EldritchHorrorGame/EldritchHorror/Content/Models/map_mesh/Cells/Textures/concrete_22_normal.uexp" 1145
"X:/EldritchHorrorGame/EldritchHorror/Content/Models/map_mesh/Cells/Textures/concrete_22_roughness.ubulk" 1146
"X:/EldritchHorrorGame/EldritchHorror/Content/Models/map_mesh/Cells/Textures/concrete_22_roughness.uasset" 1147
"X:/EldritchHorrorGame/EldritchHorror/Content/Models/map_mesh/Cells/Textures/concrete_22_roughness.uexp" 1148
"X:/EldritchHorrorGame/EldritchHorror/Content/Models/map_mesh/Cells/Textures/concrete_22_height.ubulk" 1149
"X:/EldritchHorrorGame/EldritchHorror/Content/Models/map_mesh/Cells/Textures/concrete_22_height.uasset" 1150
"X:/EldritchHorrorGame/EldritchHorror/Content/Models/map_mesh/Cells/Textures/concrete_22_height.uexp" 1151
"X:/EldritchHorrorGame/EldritchHorror/Content/Models/map_mesh/Cells/Concrete.uasset" 1152
"X:/EldritchHorrorGame/EldritchHorror/Content/Models/map_mesh/Cells/Concrete.uexp" 1153
"X:/EldritchHorrorGame/EldritchHorror/Content/Models/map_mesh/Cells/CellToilet.uasset" 1154
"X:/EldritchHorrorGame/EldritchHorror/Content/Models/map_mesh/Cells/CellToilet.uexp" 1155
"X:/EldritchHorrorGame/EldritchHorror/Content/Models/map_mesh/Cells/AlienTestTubeLight.uasset" 1156
"X:/EldritchHorrorGame/EldritchHorror/Content/Models/map_mesh/Cells/AlienTestTubeLight.uexp" 1157
"X:/EldritchHorrorGame/EldritchHorror/Content/Models/map_mesh/Cells/BlackGlossy.uasset" 1158
"X:/EldritchHorrorGame/EldritchHorror/Content/Models/map_mesh/Cells/BlackGlossy.uexp" 1159
"X:/EldritchHorrorGame/EldritchHorror/Content/Models/map_mesh/Cells/Textures/Bricks_02_Roughness.ubulk" 1160
"X:/EldritchHorrorGame/EldritchHorror/Content/Models/map_mesh/Cells/Textures/Bricks_02_Roughness.uasset" 1161
"X:/EldritchHorrorGame/EldritchHorror/Content/Models/map_mesh/Cells/Textures/Bricks_02_Roughness.uexp" 1162
"X:/EldritchHorrorGame/EldritchHorror/Content/Models/map_mesh/Cells/Textures/Bricks_02_Normal.ubulk" 1163
"X:/EldritchHorrorGame/EldritchHorror/Content/Models/map_mesh/Cells/Textures/Bricks_02_Normal.uasset" 1164
"X:/EldritchHorrorGame/EldritchHorror/Content/Models/map_mesh/Cells/Textures/Bricks_02_Normal.uexp" 1165
"X:/EldritchHorrorGame/EldritchHorror/Content/Models/map_mesh/Cells/Textures/Bricks_02_Diffuse.ubulk" 1166
"X:/EldritchHorrorGame/EldritchHorror/Content/Models/map_mesh/Cells/Textures/Bricks_02_Diffuse.uasset" 1167
"X:/EldritchHorrorGame/EldritchHorror/Content/Models/map_mesh/Cells/Textures/Bricks_02_Diffuse.uexp" 1168
"X:/EldritchHorrorGame/EldritchHorror/Content/Models/map_mesh/Cells/Bricks_02.uasset" 1169
"X:/EldritchHorrorGame/EldritchHorror/Content/Models/map_mesh/Cells/Bricks_02.uexp" 1170
"X:/EldritchHorrorGame/EldritchHorror/Content/Models/map_mesh/Cells/Textures/Caution_Stripes_Diffuse.ubulk" 1171
"X:/EldritchHorrorGame/EldritchHorror/Content/Models/map_mesh/Cells/Textures/Caution_Stripes_Diffuse.uasset" 1172
"X:/EldritchHorrorGame/EldritchHorror/Content/Models/map_mesh/Cells/Textures/Caution_Stripes_Diffuse.uexp" 1173
"X:/EldritchHorrorGame/EldritchHorror/Content/Models/map_mesh/Cells/Caution_Stripes.uasset" 1174
"X:/EldritchHorrorGame/EldritchHorror/Content/Models/map_mesh/Cells/Caution_Stripes.uexp" 1175
"X:/EldritchHorrorGame/EldritchHorror/Content/Models/map_mesh/Cells/MapModelling.ubulk" 1176
"X:/EldritchHorrorGame/EldritchHorror/Content/Models/map_mesh/Cells/MapModelling.uasset" 1177
"X:/EldritchHorrorGame/EldritchHorror/Content/Models/map_mesh/Cells/MapModelling.uexp" 1178
"../../../Engine/Content/EngineMeshes/Sphere.ubulk" 1179
"../../../Engine/Content/EngineMeshes/Sphere.uasset" 1180
"../../../Engine/Content/EngineMeshes/Sphere.uexp" 1181
"../../../Engine/Content/Functions/Engine_MaterialFunctions01/Shading/PowerToRoughness.uasset" 1182
"../../../Engine/Content/Functions/Engine_MaterialFunctions01/Shading/PowerToRoughness.uexp" 1183
"X:/EldritchHorrorGame/EldritchHorror/Content/Models/models_props/materials/Toilet_Cell/Toilet_CellToilet_OcclusionRoughnessMetallic.ubulk" 1184
"X:/EldritchHorrorGame/EldritchHorror/Content/Models/models_props/materials/Toilet_Cell/Toilet_CellToilet_OcclusionRoughnessMetallic.uasset" 1185
"X:/EldritchHorrorGame/EldritchHorror/Content/Models/models_props/materials/Toilet_Cell/Toilet_CellToilet_OcclusionRoughnessMetallic.uexp" 1186
"X:/EldritchHorrorGame/EldritchHorror/Content/Models/models_props/materials/Toilet_Cell/Toilet_CellToilet_Normal.ubulk" 1187
"X:/EldritchHorrorGame/EldritchHorror/Content/Models/models_props/materials/Toilet_Cell/Toilet_CellToilet_Normal.uasset" 1188
"X:/EldritchHorrorGame/EldritchHorror/Content/Models/models_props/materials/Toilet_Cell/Toilet_CellToilet_Normal.uexp" 1189
"X:/EldritchHorrorGame/EldritchHorror/Content/Models/models_props/materials/Toilet_Cell/Toilet_CellToilet_BaseColor.ubulk" 1190
"X:/EldritchHorrorGame/EldritchHorror/Content/Models/models_props/materials/Toilet_Cell/Toilet_CellToilet_BaseColor.uasset" 1191
"X:/EldritchHorrorGame/EldritchHorror/Content/Models/models_props/materials/Toilet_Cell/Toilet_CellToilet_BaseColor.uexp" 1192
"X:/EldritchHorrorGame/EldritchHorror/Content/Models/models_props/materials/Toilet_Cell/Toilet_CellToilet_BaseColor_Mat.uasset" 1193
"X:/EldritchHorrorGame/EldritchHorror/Content/Models/models_props/materials/Toilet_Cell/Toilet_CellToilet_BaseColor_Mat.uexp" 1194
"X:/EldritchHorrorGame/EldritchHorror/Content/Models/models_props/materials/FilingCabinet/FilingCabinet_DefaultMaterial_OcclusionRoughnessMetallic.ubulk" 1195
"X:/EldritchHorrorGame/EldritchHorror/Content/Models/models_props/materials/FilingCabinet/FilingCabinet_DefaultMaterial_OcclusionRoughnessMetallic.uasset" 1196
"X:/EldritchHorrorGame/EldritchHorror/Content/Models/models_props/materials/FilingCabinet/FilingCabinet_DefaultMaterial_OcclusionRoughnessMetallic.uexp" 1197
"X:/EldritchHorrorGame/EldritchHorror/Content/Models/models_props/materials/FilingCabinet/FilingCabinet_DefaultMaterial_Normal.ubulk" 1198
"X:/EldritchHorrorGame/EldritchHorror/Content/Models/models_props/materials/FilingCabinet/FilingCabinet_DefaultMaterial_Normal.uasset" 1199
"X:/EldritchHorrorGame/EldritchHorror/Content/Models/models_props/materials/FilingCabinet/FilingCabinet_DefaultMaterial_Normal.uexp" 1200
"X:/EldritchHorrorGame/EldritchHorror/Content/Models/models_props/materials/FilingCabinet/FilingCabinet_DefaultMaterial_BaseColor.ubulk" 1201
"X:/EldritchHorrorGame/EldritchHorror/Content/Models/models_props/materials/FilingCabinet/FilingCabinet_DefaultMaterial_BaseColor.uasset" 1202
"X:/EldritchHorrorGame/EldritchHorror/Content/Models/models_props/materials/FilingCabinet/FilingCabinet_DefaultMaterial_BaseColor.uexp" 1203
"X:/EldritchHorrorGame/EldritchHorror/Content/Models/models_props/materials/FilingCabinet/FilingCabinet_DefaultMaterial_BaseColor_Mat.uasset" 1204
"X:/EldritchHorrorGame/EldritchHorror/Content/Models/models_props/materials/FilingCabinet/FilingCabinet_DefaultMaterial_BaseColor_Mat.uexp" 1205
"X:/EldritchHorrorGame/EldritchHorror/Content/Models/models_props/materials/Desk_01/Desk_01_Desk01_Wood_OcclusionRoughnessMetallic.ubulk" 1206
"X:/EldritchHorrorGame/EldritchHorror/Content/Models/models_props/materials/Desk_01/Desk_01_Desk01_Wood_OcclusionRoughnessMetallic.uasset" 1207
"X:/EldritchHorrorGame/EldritchHorror/Content/Models/models_props/materials/Desk_01/Desk_01_Desk01_Wood_OcclusionRoughnessMetallic.uexp" 1208
"X:/EldritchHorrorGame/EldritchHorror/Content/Models/models_props/materials/Desk_01/Desk_01_Desk01_Wood_Normal.ubulk" 1209
"X:/EldritchHorrorGame/EldritchHorror/Content/Models/models_props/materials/Desk_01/Desk_01_Desk01_Wood_Normal.uasset" 1210
"X:/EldritchHorrorGame/EldritchHorror/Content/Models/models_props/materials/Desk_01/Desk_01_Desk01_Wood_Normal.uexp" 1211
"X:/EldritchHorrorGame/EldritchHorror/Content/Models/models_props/materials/Desk_01/Desk_01_Desk01_Wood_BaseColor.ubulk" 1212
"X:/EldritchHorrorGame/EldritchHorror/Content/Models/models_props/materials/Desk_01/Desk_01_Desk01_Wood_BaseColor.uasset" 1213
"X:/EldritchHorrorGame/EldritchHorror/Content/Models/models_props/materials/Desk_01/Desk_01_Desk01_Wood_BaseColor.uexp" 1214
"X:/EldritchHorrorGame/EldritchHorror/Content/Models/models_props/materials/Desk_01/Desk_01_Desk01_Wood_BaseColor_Mat.uasset" 1215
"X:/EldritchHorrorGame/EldritchHorror/Content/Models/models_props/materials/Desk_01/Desk_01_Desk01_Wood_BaseColor_Mat.uexp" 1216
"X:/EldritchHorrorGame/EldritchHorror/Content/Models/models_props/materials/Desk_01/Desk_01_Desk01_Metal_OcclusionRoughnessMetallic.ubulk" 1217
"X:/EldritchHorrorGame/EldritchHorror/Content/Models/models_props/materials/Desk_01/Desk_01_Desk01_Metal_OcclusionRoughnessMetallic.uasset" 1218
"X:/EldritchHorrorGame/EldritchHorror/Content/Models/models_props/materials/Desk_01/Desk_01_Desk01_Metal_OcclusionRoughnessMetallic.uexp" 1219
"X:/EldritchHorrorGame/EldritchHorror/Content/Models/models_props/materials/Desk_01/Desk_01_Desk01_Metal_Normal.ubulk" 1220
"X:/EldritchHorrorGame/EldritchHorror/Content/Models/models_props/materials/Desk_01/Desk_01_Desk01_Metal_Normal.uasset" 1221
"X:/EldritchHorrorGame/EldritchHorror/Content/Models/models_props/materials/Desk_01/Desk_01_Desk01_Metal_Normal.uexp" 1222
"X:/EldritchHorrorGame/EldritchHorror/Content/Models/models_props/materials/Desk_01/Desk_01_Desk01_Metal_BaseColor.ubulk" 1223
"X:/EldritchHorrorGame/EldritchHorror/Content/Models/models_props/materials/Desk_01/Desk_01_Desk01_Metal_BaseColor.uasset" 1224
"X:/EldritchHorrorGame/EldritchHorror/Content/Models/models_props/materials/Desk_01/Desk_01_Desk01_Metal_BaseColor.uexp" 1225
"X:/EldritchHorrorGame/EldritchHorror/Content/Models/models_props/materials/Desk_01/Desk_01_Desk01_Metal_BaseColor_Mat.uasset" 1226
"X:/EldritchHorrorGame/EldritchHorror/Content/Models/models_props/materials/Desk_01/Desk_01_Desk01_Metal_BaseColor_Mat.uexp" 1227
"X:/EldritchHorrorGame/EldritchHorror/Content/Models/models_props/materials/cafe_table_01/cafe_table_01_CafeteriaTableTop_OcclusionRoughnessMetallic.ubulk" 1228
"X:/EldritchHorrorGame/EldritchHorror/Content/Models/models_props/materials/cafe_table_01/cafe_table_01_CafeteriaTableTop_OcclusionRoughnessMetallic.uasset" 1229
"X:/EldritchHorrorGame/EldritchHorror/Content/Models/models_props/materials/cafe_table_01/cafe_table_01_CafeteriaTableTop_OcclusionRoughnessMetallic.uexp" 1230
"X:/EldritchHorrorGame/EldritchHorror/Content/Models/models_props/materials/cafe_table_01/cafe_table_01_CafeteriaTableTop_OcclusionRoughnessMetallic_Mat.uasset" 1231
"X:/EldritchHorrorGame/EldritchHorror/Content/Models/models_props/materials/cafe_table_01/cafe_table_01_CafeteriaTableTop_OcclusionRoughnessMetallic_Mat.uexp" 1232
"X:/EldritchHorrorGame/EldritchHorror/Content/Models/models_props/materials/cafe_table_01/cafe_table_01_CafeteriaTableTop_Normal.ubulk" 1233
"X:/EldritchHorrorGame/EldritchHorror/Content/Models/models_props/materials/cafe_table_01/cafe_table_01_CafeteriaTableTop_Normal.uasset" 1234
"X:/EldritchHorrorGame/EldritchHorror/Content/Models/models_props/materials/cafe_table_01/cafe_table_01_CafeteriaTableTop_Normal.uexp" 1235
"X:/EldritchHorrorGame/EldritchHorror/Content/Models/models_props/materials/cafe_table_01/cafe_table_01_CafeteriaTableTop_Mat.uasset" 1236
"X:/EldritchHorrorGame/EldritchHorror/Content/Models/models_props/materials/cafe_table_01/cafe_table_01_CafeteriaTableTop_Mat.uexp" 1237
"X:/EldritchHorrorGame/EldritchHorror/Content/FirstPerson/Maps/_GENERATED/u2648296/CubeGridToolOutput_8BB45777.ubulk" 1238
"X:/EldritchHorrorGame/EldritchHorror/Content/FirstPerson/Maps/_GENERATED/u2648296/CubeGridToolOutput_8BB45777.uasset" 1239
"X:/EldritchHorrorGame/EldritchHorror/Content/FirstPerson/Maps/_GENERATED/u2648296/CubeGridToolOutput_8BB45777.uexp" 1240
"X:/EldritchHorrorGame/EldritchHorror/Content/FirstPerson/Maps/_GENERATED/u2648296/CubeGridToolOutput_886B7A87.ubulk" 1241
"X:/EldritchHorrorGame/EldritchHorror/Content/FirstPerson/Maps/_GENERATED/u2648296/CubeGridToolOutput_886B7A87.uasset" 1242
"X:/EldritchHorrorGame/EldritchHorror/Content/FirstPerson/Maps/_GENERATED/u2648296/CubeGridToolOutput_886B7A87.uexp" 1243
"X:/EldritchHorrorGame/EldritchHorror/Content/FirstPerson/Maps/_GENERATED/u2648296/CubeGridToolOutput_71F3F985.ubulk" 1244
"X:/EldritchHorrorGame/EldritchHorror/Content/FirstPerson/Maps/_GENERATED/u2648296/CubeGridToolOutput_71F3F985.uasset" 1245
"X:/EldritchHorrorGame/EldritchHorror/Content/FirstPerson/Maps/_GENERATED/u2648296/CubeGridToolOutput_71F3F985.uexp" 1246
"X:/EldritchHorrorGame/EldritchHorror/Content/FirstPerson/Maps/_GENERATED/u2648296/CubeGridToolOutput_42F7AAA2.ubulk" 1247
"X:/EldritchHorrorGame/EldritchHorror/Content/FirstPerson/Maps/_GENERATED/u2648296/CubeGridToolOutput_42F7AAA2.uasset" 1248
"X:/EldritchHorrorGame/EldritchHorror/Content/FirstPerson/Maps/_GENERATED/u2648296/CubeGridToolOutput_42F7AAA2.uexp" 1249
"../../../Engine/Content/Functions/Engine_MaterialFunctions02/WorldPositionOffset/V2/ObjectScale.uasset" 1250
"../../../Engine/Content/Functions/Engine_MaterialFunctions02/WorldPositionOffset/V2/ObjectScale.uexp" 1251
"../../../Engine/Content/EditorResources/S_Terrain.ubulk" 1252
"../../../Engine/Content/EditorResources/S_Terrain.uasset" 1253
"../../../Engine/Content/EditorResources/S_Terrain.uexp" 1254
"../../../Engine/Content/Functions/Engine_MaterialFunctions02/WorldPositionOffset/ComponentPivotLocation.uasset" 1255
"../../../Engine/Content/Functions/Engine_MaterialFunctions02/WorldPositionOffset/ComponentPivotLocation.uexp" 1256
"../../../Engine/Content/Functions/Engine_MaterialFunctions02/WorldPositionOffset/Sprite.uasset" 1257
"../../../Engine/Content/Functions/Engine_MaterialFunctions02/WorldPositionOffset/Sprite.uexp" 1258
"../../../Engine/Plugins/Experimental/Landmass/Content/Landscape/BlueprintBrushes/Materials/Sprite/M_BrushSprite_01.uasset" 1259
"../../../Engine/Plugins/Experimental/Landmass/Content/Landscape/BlueprintBrushes/Materials/Sprite/M_BrushSprite_01.uexp" 1260
"../../../Engine/Content/EngineMaterials/BlendFunc_DefBlend.uasset" 1261
"../../../Engine/Content/EngineMaterials/BlendFunc_DefBlend.uexp" 1262
"../../../Engine/Content/EngineMaterials/BlendFunc_DefBase.uasset" 1263
"../../../Engine/Content/EngineMaterials/BlendFunc_DefBase.uexp" 1264
"../../../Engine/Plugins/Experimental/Landmass/Content/Landscape/BlueprintBrushes/MPC/MPC_Landscape.uasset" 1265
"../../../Engine/Plugins/Experimental/Landmass/Content/Landscape/BlueprintBrushes/MPC/MPC_Landscape.uexp" 1266
"../../../Engine/Content/EngineResources/Black_Low.uasset" 1267
"../../../Engine/Content/EngineResources/Black_Low.uexp" 1268
"../../../Engine/Plugins/Experimental/Landmass/Content/Landscape/BlueprintBrushes/MF/PointSampleLandscapeUVs.uasset" 1269
"../../../Engine/Plugins/Experimental/Landmass/Content/Landscape/BlueprintBrushes/MF/PointSampleLandscapeUVs.uexp" 1270
"../../../Engine/Content/Functions/Engine_MaterialFunctions01/ImageAdjustment/SCurve.uasset" 1271
"../../../Engine/Content/Functions/Engine_MaterialFunctions01/ImageAdjustment/SCurve.uexp" 1272
"../../../Engine/Content/ArtTools/RenderToTexture/Textures/T_EV_BlankWhite_01.uasset" 1273
"../../../Engine/Content/ArtTools/RenderToTexture/Textures/T_EV_BlankWhite_01.uexp" 1274
"../../../Engine/Plugins/Experimental/Landmass/Content/Landscape/OldPrototype_BP/Mats/MF/UnpackRG8Height.uasset" 1275
"../../../Engine/Plugins/Experimental/Landmass/Content/Landscape/OldPrototype_BP/Mats/MF/UnpackRG8Height.uexp" 1276
"../../../Engine/Plugins/Experimental/Landmass/Content/Landscape/BlueprintBrushes/MF/LandmassBrush_UVs.uasset" 1277
"../../../Engine/Plugins/Experimental/Landmass/Content/Landscape/BlueprintBrushes/MF/LandmassBrush_UVs.uexp" 1278
"../../../Engine/Plugins/Experimental/Landmass/Content/Landscape/BlueprintBrushes/MF/Landmass_BrushTilt.uasset" 1279
"../../../Engine/Plugins/Experimental/Landmass/Content/Landscape/BlueprintBrushes/MF/Landmass_BrushTilt.uexp" 1280
"../../../Engine/Plugins/Experimental/Landmass/Content/Landscape/BlueprintBrushes/MF/LandmassBrush_Noise.uasset" 1281
"../../../Engine/Plugins/Experimental/Landmass/Content/Landscape/BlueprintBrushes/MF/LandmassBrush_Noise.uexp" 1282
"../../../Engine/Plugins/Experimental/Landmass/Content/Landscape/BlueprintBrushes/MF/LandmassBrush_EdgeFalloff.uasset" 1283
"../../../Engine/Plugins/Experimental/Landmass/Content/Landscape/BlueprintBrushes/MF/LandmassBrush_EdgeFalloff.uexp" 1284
"../../../Engine/Plugins/Experimental/Landmass/Content/Landscape/BlueprintBrushes/Materials/BrushMaterials/BasicFunctions/LandmassBrush_ShapeMask.uasset" 1285
"../../../Engine/Plugins/Experimental/Landmass/Content/Landscape/BlueprintBrushes/Materials/BrushMaterials/BasicFunctions/LandmassBrush_ShapeMask.uexp" 1286
"../../../Engine/Content/EditorMaterials/TilingAALineIntegral.uasset" 1287
"../../../Engine/Content/EditorMaterials/TilingAALineIntegral.uexp" 1288
"../../../Engine/Content/EditorMaterials/TilingAALineBoxFiltered.uasset" 1289
"../../../Engine/Content/EditorMaterials/TilingAALineBoxFiltered.uexp" 1290
"../../../Engine/Content/Functions/Engine_MaterialFunctions03/Procedurals/ComputeFilterWidth.uasset" 1291
"../../../Engine/Content/Functions/Engine_MaterialFunctions03/Procedurals/ComputeFilterWidth.uexp" 1292
"../../../Engine/Content/Functions/Engine_MaterialFunctions03/Blends/Blend_Screen.uasset" 1293
"../../../Engine/Content/Functions/Engine_MaterialFunctions03/Blends/Blend_Screen.uexp" 1294
"../../../Engine/Content/EditorMaterials/TilingAAGrid.uasset" 1295
"../../../Engine/Content/EditorMaterials/TilingAAGrid.uexp" 1296
"../../../Engine/Plugins/Experimental/Landmass/Content/Landscape/BlueprintBrushes/Materials/Internal/BrushBounds.uasset" 1297
"../../../Engine/Plugins/Experimental/Landmass/Content/Landscape/BlueprintBrushes/Materials/Internal/BrushBounds.uexp" 1298
"../../../Engine/Content/EngineResources/DefaultTextureCube.uasset" 1299
"../../../Engine/Content/EngineResources/DefaultTextureCube.uexp" 1300
"../../../Engine/Content/EngineMaterials/Substrate/GLints/AGlintTex2dArray.uasset" 1301
"../../../Engine/Content/EngineMaterials/Substrate/GLints/AGlintTex2dArray.uexp" 1302
"../../../Engine/Content/EngineMaterials/Substrate/Glints2/AGlintTex2dArray2.uasset" 1303
"../../../Engine/Content/EngineMaterials/Substrate/Glints2/AGlintTex2dArray2.uexp" 1304
"../../../Engine/Content/EngineMaterials/Substrate/Volume/SubstrateSimpleVolumeEnvLUT3D.uasset" 1305
"../../../Engine/Content/EngineMaterials/Substrate/Volume/SubstrateSimpleVolumeEnvLUT3D.uexp" 1306
"../../../Engine/Content/EngineMaterials/Substrate/Volume/SubstrateSimpleVolumeLUT3D.uasset" 1307
"../../../Engine/Content/EngineMaterials/Substrate/Volume/SubstrateSimpleVolumeLUT3D.uexp" 1308
"../../../Engine/Plugins/Interchange/Assets/Content/Utilities/New_LUT.uasset" 1309
"../../../Engine/Plugins/Interchange/Assets/Content/Utilities/New_LUT.uexp" 1310
"../../../Engine/Content/Functions/Engine_MaterialFunctions03/Math/RemapValueRange.uasset" 1311
"../../../Engine/Content/Functions/Engine_MaterialFunctions03/Math/RemapValueRange.uexp" 1312
"../../../Engine/Plugins/Interchange/Assets/Content/Functions/MF_Iridescence.uasset" 1313
"../../../Engine/Plugins/Interchange/Assets/Content/Functions/MF_Iridescence.uexp" 1314
"../../../Engine/Plugins/Interchange/Assets/Content/gltf/Textures/T_White_srgb.uasset" 1315
"../../../Engine/Plugins/Interchange/Assets/Content/gltf/Textures/T_White_srgb.uexp" 1316
"../../../Engine/Plugins/Interchange/Assets/Content/gltf/MaterialFunctions/MF_BaseColor.uasset" 1317
"../../../Engine/Plugins/Interchange/Assets/Content/gltf/MaterialFunctions/MF_BaseColor.uexp" 1318
"../../../Engine/Plugins/Interchange/Assets/Content/gltf/MaterialFunctions/MF_RotateV2.uasset" 1319
"../../../Engine/Plugins/Interchange/Assets/Content/gltf/MaterialFunctions/MF_RotateV2.uexp" 1320
"../../../Engine/Plugins/Interchange/Assets/Content/gltf/MaterialFunctions/MF_TransformUVs.uasset" 1321
"../../../Engine/Plugins/Interchange/Assets/Content/gltf/MaterialFunctions/MF_TransformUVs.uexp" 1322
"../../../Engine/Content/Functions/Engine_MaterialFunctions02/Math/Transform3x3Matrix.uasset" 1323
"../../../Engine/Content/Functions/Engine_MaterialFunctions02/Math/Transform3x3Matrix.uexp" 1324
"../../../Engine/Plugins/Interchange/Assets/Content/gltf/MaterialFunctions/MF_IOR.uasset" 1325
"../../../Engine/Plugins/Interchange/Assets/Content/gltf/MaterialFunctions/MF_IOR.uexp" 1326
"../../../Engine/Plugins/Interchange/Assets/Content/gltf/MaterialFunctions/MF_Iridescence.uasset" 1327
"../../../Engine/Plugins/Interchange/Assets/Content/gltf/MaterialFunctions/MF_Iridescence.uexp" 1328
"../../../Engine/Plugins/Interchange/Assets/Content/gltf/Textures/T_White_Linear.uasset" 1329
"../../../Engine/Plugins/Interchange/Assets/Content/gltf/Textures/T_White_Linear.uexp" 1330
"../../../Engine/Plugins/Interchange/Assets/Content/gltf/MaterialFunctions/MF_MetallicRoughness.uasset" 1331
"../../../Engine/Plugins/Interchange/Assets/Content/gltf/MaterialFunctions/MF_MetallicRoughness.uexp" 1332
"../../../Engine/Plugins/Interchange/Assets/Content/gltf/MaterialFunctions/MF_RotateNormals_TS.uasset" 1333
"../../../Engine/Plugins/Interchange/Assets/Content/gltf/MaterialFunctions/MF_RotateNormals_TS.uexp" 1334
"../../../Engine/Plugins/Interchange/Assets/Content/gltf/MaterialFunctions/MF_ScaleNormal.uasset" 1335
"../../../Engine/Plugins/Interchange/Assets/Content/gltf/MaterialFunctions/MF_ScaleNormal.uexp" 1336
"../../../Engine/Plugins/Interchange/Assets/Content/gltf/Textures/T_Generic_N.uasset" 1337
"../../../Engine/Plugins/Interchange/Assets/Content/gltf/Textures/T_Generic_N.uexp" 1338
"../../../Engine/Plugins/Interchange/Assets/Content/gltf/MaterialFunctions/MF_Normals.uasset" 1339
"../../../Engine/Plugins/Interchange/Assets/Content/gltf/MaterialFunctions/MF_Normals.uexp" 1340
"../../../Engine/Plugins/Interchange/Assets/Content/gltf/MaterialFunctions/MF_Occlusion.uasset" 1341
"../../../Engine/Plugins/Interchange/Assets/Content/gltf/MaterialFunctions/MF_Occlusion.uexp" 1342
"../../../Engine/Plugins/Interchange/Assets/Content/gltf/MaterialFunctions/MF_Specular.uasset" 1343
"../../../Engine/Plugins/Interchange/Assets/Content/gltf/MaterialFunctions/MF_Specular.uexp" 1344
"../../../Engine/Plugins/Interchange/Assets/Content/gltf/Textures/T_Anisotropy_Direction_Linear.uasset" 1345
"../../../Engine/Plugins/Interchange/Assets/Content/gltf/Textures/T_Anisotropy_Direction_Linear.uexp" 1346
"../../../Engine/Plugins/Interchange/Assets/Content/gltf/MaterialFunctions/MF_SpecularAnisotropy.uasset" 1347
"../../../Engine/Plugins/Interchange/Assets/Content/gltf/MaterialFunctions/MF_SpecularAnisotropy.uexp" 1348
"../../../Engine/Plugins/Interchange/Assets/Content/gltf/MaterialFunctions/MF_Emissive.uasset" 1349
"../../../Engine/Plugins/Interchange/Assets/Content/gltf/MaterialFunctions/MF_Emissive.uexp" 1350
"../../../Engine/Content/Functions/Engine_MaterialFunctions01/Texturing/FlattenNormal.uasset" 1351
"../../../Engine/Content/Functions/Engine_MaterialFunctions01/Texturing/FlattenNormal.uexp" 1352
"../../../Engine/Plugins/Interchange/Assets/Content/gltf/MaterialFunctions/MF_Clearcoat.uasset" 1353
"../../../Engine/Plugins/Interchange/Assets/Content/gltf/MaterialFunctions/MF_Clearcoat.uexp" 1354
"../../../Engine/Plugins/Interchange/Assets/Content/gltf/MaterialBodies/MF_ClearCoat_Body.uasset" 1355
"../../../Engine/Plugins/Interchange/Assets/Content/gltf/MaterialBodies/MF_ClearCoat_Body.uexp" 1356
"../../../Engine/Plugins/Interchange/Assets/Content/gltf/M_ClearCoat.uasset" 1357
"../../../Engine/Plugins/Interchange/Assets/Content/gltf/M_ClearCoat.uexp" 1358
"../../../Engine/Plugins/Interchange/Assets/Content/gltf/MaterialInstances/MI_ClearCoat_Blend.uasset" 1359
"../../../Engine/Plugins/Interchange/Assets/Content/gltf/MaterialInstances/MI_ClearCoat_Blend.uexp" 1360
"../../../Engine/Plugins/Interchange/Assets/Content/gltf/MaterialInstances/MI_ClearCoat_Blend_DS.uasset" 1361
"../../../Engine/Plugins/Interchange/Assets/Content/gltf/MaterialInstances/MI_ClearCoat_Blend_DS.uexp" 1362
"../../../Engine/Plugins/Interchange/Assets/Content/gltf/MaterialInstances/MI_ClearCoat_Mask.uasset" 1363
"../../../Engine/Plugins/Interchange/Assets/Content/gltf/MaterialInstances/MI_ClearCoat_Mask.uexp" 1364
"../../../Engine/Plugins/Interchange/Assets/Content/gltf/MaterialInstances/MI_ClearCoat_Mask_DS.uasset" 1365
"../../../Engine/Plugins/Interchange/Assets/Content/gltf/MaterialInstances/MI_ClearCoat_Mask_DS.uexp" 1366
"../../../Engine/Plugins/Interchange/Assets/Content/gltf/MaterialInstances/MI_ClearCoat_Opaque.uasset" 1367
"../../../Engine/Plugins/Interchange/Assets/Content/gltf/MaterialInstances/MI_ClearCoat_Opaque.uexp" 1368
"../../../Engine/Plugins/Interchange/Assets/Content/gltf/MaterialInstances/MI_ClearCoat_Opaque_DS.uasset" 1369
"../../../Engine/Plugins/Interchange/Assets/Content/gltf/MaterialInstances/MI_ClearCoat_Opaque_DS.uexp" 1370
"../../../Engine/Plugins/Interchange/Assets/Content/gltf/MaterialBodies/MF_Default_Body.uasset" 1371
"../../../Engine/Plugins/Interchange/Assets/Content/gltf/MaterialBodies/MF_Default_Body.uexp" 1372
"../../../Engine/Plugins/Interchange/Assets/Content/gltf/M_Default.uasset" 1373
"../../../Engine/Plugins/Interchange/Assets/Content/gltf/M_Default.uexp" 1374
"../../../Engine/Plugins/Interchange/Assets/Content/gltf/MaterialInstances/MI_Default_Blend.uasset" 1375
"../../../Engine/Plugins/Interchange/Assets/Content/gltf/MaterialInstances/MI_Default_Blend.uexp" 1376
"../../../Engine/Plugins/Interchange/Assets/Content/gltf/MaterialInstances/MI_Default_Blend_DS.uasset" 1377
"../../../Engine/Plugins/Interchange/Assets/Content/gltf/MaterialInstances/MI_Default_Blend_DS.uexp" 1378
"../../../Engine/Plugins/Interchange/Assets/Content/gltf/MaterialInstances/MI_Default_Mask.uasset" 1379
"../../../Engine/Plugins/Interchange/Assets/Content/gltf/MaterialInstances/MI_Default_Mask.uexp" 1380
"../../../Engine/Plugins/Interchange/Assets/Content/gltf/MaterialInstances/MI_Default_Mask_DS.uasset" 1381
"../../../Engine/Plugins/Interchange/Assets/Content/gltf/MaterialInstances/MI_Default_Mask_DS.uexp" 1382
"../../../Engine/Plugins/Interchange/Assets/Content/gltf/MaterialInstances/MI_Default_Opaque.uasset" 1383
"../../../Engine/Plugins/Interchange/Assets/Content/gltf/MaterialInstances/MI_Default_Opaque.uexp" 1384
"../../../Engine/Plugins/Interchange/Assets/Content/gltf/MaterialInstances/MI_Default_Opaque_DS.uasset" 1385
"../../../Engine/Plugins/Interchange/Assets/Content/gltf/MaterialInstances/MI_Default_Opaque_DS.uexp" 1386
"../../../Engine/Plugins/Interchange/Assets/Content/gltf/MaterialFunctions/MF_Sheen.uasset" 1387
"../../../Engine/Plugins/Interchange/Assets/Content/gltf/MaterialFunctions/MF_Sheen.uexp" 1388
"../../../Engine/Plugins/Interchange/Assets/Content/gltf/MaterialBodies/MF_Sheen_Body.uasset" 1389
"../../../Engine/Plugins/Interchange/Assets/Content/gltf/MaterialBodies/MF_Sheen_Body.uexp" 1390
"../../../Engine/Plugins/Interchange/Assets/Content/gltf/M_Sheen.uasset" 1391
"../../../Engine/Plugins/Interchange/Assets/Content/gltf/M_Sheen.uexp" 1392
"../../../Engine/Plugins/Interchange/Assets/Content/gltf/MaterialInstances/MI_Sheen_Blend.uasset" 1393
"../../../Engine/Plugins/Interchange/Assets/Content/gltf/MaterialInstances/MI_Sheen_Blend.uexp" 1394
"../../../Engine/Plugins/Interchange/Assets/Content/gltf/MaterialInstances/MI_Sheen_Blend_DS.uasset" 1395
"../../../Engine/Plugins/Interchange/Assets/Content/gltf/MaterialInstances/MI_Sheen_Blend_DS.uexp" 1396
"../../../Engine/Plugins/Interchange/Assets/Content/gltf/MaterialInstances/MI_Sheen_Mask.uasset" 1397
"../../../Engine/Plugins/Interchange/Assets/Content/gltf/MaterialInstances/MI_Sheen_Mask.uexp" 1398
"../../../Engine/Plugins/Interchange/Assets/Content/gltf/MaterialInstances/MI_Sheen_Mask_DS.uasset" 1399
"../../../Engine/Plugins/Interchange/Assets/Content/gltf/MaterialInstances/MI_Sheen_Mask_DS.uexp" 1400
"../../../Engine/Plugins/Interchange/Assets/Content/gltf/MaterialInstances/MI_Sheen_Opaque.uasset" 1401
"../../../Engine/Plugins/Interchange/Assets/Content/gltf/MaterialInstances/MI_Sheen_Opaque.uexp" 1402
"../../../Engine/Plugins/Interchange/Assets/Content/gltf/MaterialInstances/MI_Sheen_Opaque_DS.uasset" 1403
"../../../Engine/Plugins/Interchange/Assets/Content/gltf/MaterialInstances/MI_Sheen_Opaque_DS.uexp" 1404
"../../../Engine/Content/Functions/Engine_MaterialFunctions02/Math/AddComponents.uasset" 1405
"../../../Engine/Content/Functions/Engine_MaterialFunctions02/Math/AddComponents.uexp" 1406
"../../../Engine/Plugins/Interchange/Assets/Content/gltf/MaterialFunctions/MF_DiffuseSpecGloss.uasset" 1407
"../../../Engine/Plugins/Interchange/Assets/Content/gltf/MaterialFunctions/MF_DiffuseSpecGloss.uexp" 1408
"../../../Engine/Plugins/Interchange/Assets/Content/gltf/MaterialFunctions/MF_MaxComponentValue.uasset" 1409
"../../../Engine/Plugins/Interchange/Assets/Content/gltf/MaterialFunctions/MF_MaxComponentValue.uexp" 1410
"../../../Engine/Plugins/Interchange/Assets/Content/gltf/MaterialFunctions/MF_PerceivedBrightness.uasset" 1411
"../../../Engine/Plugins/Interchange/Assets/Content/gltf/MaterialFunctions/MF_PerceivedBrightness.uexp" 1412
"../../../Engine/Plugins/Interchange/Assets/Content/gltf/MaterialFunctions/MF_SpecGlossToMetalRoughness.uasset" 1413
"../../../Engine/Plugins/Interchange/Assets/Content/gltf/MaterialFunctions/MF_SpecGlossToMetalRoughness.uexp" 1414
"../../../Engine/Plugins/Interchange/Assets/Content/gltf/MaterialBodies/MF_SpecularGlossiness_Body.uasset" 1415
"../../../Engine/Plugins/Interchange/Assets/Content/gltf/MaterialBodies/MF_SpecularGlossiness_Body.uexp" 1416
"../../../Engine/Plugins/Interchange/Assets/Content/gltf/M_SpecularGlossiness.uasset" 1417
"../../../Engine/Plugins/Interchange/Assets/Content/gltf/M_SpecularGlossiness.uexp" 1418
"../../../Engine/Plugins/Interchange/Assets/Content/gltf/MaterialInstances/MI_SpecularGlossiness_Blend.uasset" 1419
"../../../Engine/Plugins/Interchange/Assets/Content/gltf/MaterialInstances/MI_SpecularGlossiness_Blend.uexp" 1420
"../../../Engine/Plugins/Interchange/Assets/Content/gltf/MaterialInstances/MI_SpecularGlossiness_Blend_DS.uasset" 1421
"../../../Engine/Plugins/Interchange/Assets/Content/gltf/MaterialInstances/MI_SpecularGlossiness_Blend_DS.uexp" 1422
"../../../Engine/Plugins/Interchange/Assets/Content/gltf/MaterialInstances/MI_SpecularGlossiness_Mask.uasset" 1423
"../../../Engine/Plugins/Interchange/Assets/Content/gltf/MaterialInstances/MI_SpecularGlossiness_Mask.uexp" 1424
"../../../Engine/Plugins/Interchange/Assets/Content/gltf/MaterialInstances/MI_SpecularGlossiness_Mask_DS.uasset" 1425
"../../../Engine/Plugins/Interchange/Assets/Content/gltf/MaterialInstances/MI_SpecularGlossiness_Mask_DS.uexp" 1426
"../../../Engine/Plugins/Interchange/Assets/Content/gltf/MaterialInstances/MI_SpecularGlossiness_Opaque.uasset" 1427
"../../../Engine/Plugins/Interchange/Assets/Content/gltf/MaterialInstances/MI_SpecularGlossiness_Opaque.uexp" 1428
"../../../Engine/Plugins/Interchange/Assets/Content/gltf/MaterialInstances/MI_SpecularGlossiness_Opaque_DS.uasset" 1429
"../../../Engine/Plugins/Interchange/Assets/Content/gltf/MaterialInstances/MI_SpecularGlossiness_Opaque_DS.uexp" 1430
"../../../Engine/Content/EngineMaterials/Good64x64TilingNoiseHighFreq.uasset" 1431
"../../../Engine/Content/EngineMaterials/Good64x64TilingNoiseHighFreq.uexp" 1432
"../../../Engine/Content/Functions/Engine_MaterialFunctions02/Texturing/ScreenAlignedPixelToPixelUVs.uasset" 1433
"../../../Engine/Content/Functions/Engine_MaterialFunctions02/Texturing/ScreenAlignedPixelToPixelUVs.uexp" 1434
"../../../Engine/Plugins/Interchange/Assets/Content/gltf/MaterialFunctions/MF_Fresnel_DS.uasset" 1435
"../../../Engine/Plugins/Interchange/Assets/Content/gltf/MaterialFunctions/MF_Fresnel_DS.uexp" 1436
"../../../Engine/Plugins/Interchange/Assets/Content/gltf/MaterialFunctions/MF_Temporal_Blur.uasset" 1437
"../../../Engine/Plugins/Interchange/Assets/Content/gltf/MaterialFunctions/MF_Temporal_Blur.uexp" 1438
"../../../Engine/Plugins/Interchange/Assets/Content/gltf/MaterialFunctions/MF_Transmission.uasset" 1439
"../../../Engine/Plugins/Interchange/Assets/Content/gltf/MaterialFunctions/MF_Transmission.uexp" 1440
"../../../Engine/Plugins/Interchange/Assets/Content/gltf/MaterialBodies/MF_Transmission_Body.uasset" 1441
"../../../Engine/Plugins/Interchange/Assets/Content/gltf/MaterialBodies/MF_Transmission_Body.uexp" 1442
"../../../Engine/Plugins/Interchange/Assets/Content/gltf/M_Transmission.uasset" 1443
"../../../Engine/Plugins/Interchange/Assets/Content/gltf/M_Transmission.uexp" 1444
"../../../Engine/Plugins/Interchange/Assets/Content/gltf/MaterialInstances/MI_Transmission.uasset" 1445
"../../../Engine/Plugins/Interchange/Assets/Content/gltf/MaterialInstances/MI_Transmission.uexp" 1446
"../../../Engine/Plugins/Interchange/Assets/Content/gltf/MaterialInstances/MI_Transmission_DS.uasset" 1447
"../../../Engine/Plugins/Interchange/Assets/Content/gltf/MaterialInstances/MI_Transmission_DS.uexp" 1448
"../../../Engine/Plugins/Interchange/Assets/Content/gltf/MaterialBodies/MF_Unlit_Body.uasset" 1449
"../../../Engine/Plugins/Interchange/Assets/Content/gltf/MaterialBodies/MF_Unlit_Body.uexp" 1450
"../../../Engine/Plugins/Interchange/Assets/Content/gltf/M_Unlit.uasset" 1451
"../../../Engine/Plugins/Interchange/Assets/Content/gltf/M_Unlit.uexp" 1452
"../../../Engine/Plugins/Interchange/Assets/Content/gltf/MaterialInstances/MI_Unlit_Blend.uasset" 1453
"../../../Engine/Plugins/Interchange/Assets/Content/gltf/MaterialInstances/MI_Unlit_Blend.uexp" 1454
"../../../Engine/Plugins/Interchange/Assets/Content/gltf/MaterialInstances/MI_Unlit_Blend_DS.uasset" 1455
"../../../Engine/Plugins/Interchange/Assets/Content/gltf/MaterialInstances/MI_Unlit_Blend_DS.uexp" 1456
"../../../Engine/Plugins/Interchange/Assets/Content/gltf/MaterialInstances/MI_Unlit_Mask.uasset" 1457
"../../../Engine/Plugins/Interchange/Assets/Content/gltf/MaterialInstances/MI_Unlit_Mask.uexp" 1458
"../../../Engine/Plugins/Interchange/Assets/Content/gltf/MaterialInstances/MI_Unlit_Mask_DS.uasset" 1459
"../../../Engine/Plugins/Interchange/Assets/Content/gltf/MaterialInstances/MI_Unlit_Mask_DS.uexp" 1460
"../../../Engine/Plugins/Interchange/Assets/Content/gltf/MaterialInstances/MI_Unlit_Opaque.uasset" 1461
"../../../Engine/Plugins/Interchange/Assets/Content/gltf/MaterialInstances/MI_Unlit_Opaque.uexp" 1462
"../../../Engine/Plugins/Interchange/Assets/Content/gltf/MaterialInstances/MI_Unlit_Opaque_DS.uasset" 1463
"../../../Engine/Plugins/Interchange/Assets/Content/gltf/MaterialInstances/MI_Unlit_Opaque_DS.uexp" 1464
"X:/EldritchHorrorGame/EldritchHorror/Content/Characters/Monter_All/mon_Skeleton.uasset" 1465
"X:/EldritchHorrorGame/EldritchHorror/Content/Characters/Monter_All/mon_Skeleton.uexp" 1466
"X:/EldritchHorrorGame/EldritchHorror/Content/Characters/Monter_All/mon_Anim_metarig_001_metarig_001Action.uasset" 1467
"X:/EldritchHorrorGame/EldritchHorror/Content/Characters/Monter_All/mon_Anim_metarig_001_metarig_001Action.uexp" 1468
"../../../Engine/Content/EditorMaterials/Camera/CineMat.uasset" 1469
"../../../Engine/Content/EditorMaterials/Camera/CineMat.uexp" 1470
"../../../Engine/Content/EditorMaterials/Camera/MI_CineMat_Rig.uasset" 1471
"../../../Engine/Content/EditorMaterials/Camera/MI_CineMat_Rig.uexp" 1472
"../../../Engine/Content/EditorMeshes/Camera/SM_CraneRig_Arm.ubulk" 1473
"../../../Engine/Content/EditorMeshes/Camera/SM_CraneRig_Arm.uasset" 1474
"../../../Engine/Content/EditorMeshes/Camera/SM_CraneRig_Arm.uexp" 1475
"../../../Engine/Content/EditorMeshes/Camera/SM_CraneRig_Base.ubulk" 1476
"../../../Engine/Content/EditorMeshes/Camera/SM_CraneRig_Base.uasset" 1477
"../../../Engine/Content/EditorMeshes/Camera/SM_CraneRig_Base.uexp" 1478
"../../../Engine/Content/EditorMeshes/Camera/SM_CraneRig_Body.ubulk" 1479
"../../../Engine/Content/EditorMeshes/Camera/SM_CraneRig_Body.uasset" 1480
"../../../Engine/Content/EditorMeshes/Camera/SM_CraneRig_Body.uexp" 1481
"../../../Engine/Content/EditorMeshes/Camera/SM_CraneRig_Mount.ubulk" 1482
"../../../Engine/Content/EditorMeshes/Camera/SM_CraneRig_Mount.uasset" 1483
"../../../Engine/Content/EditorMeshes/Camera/SM_CraneRig_Mount.uexp" 1484
"../../../Engine/Content/EditorMeshes/Camera/SM_RailRig_Mount.ubulk" 1485
"../../../Engine/Content/EditorMeshes/Camera/SM_RailRig_Mount.uasset" 1486
"../../../Engine/Content/EditorMeshes/Camera/SM_RailRig_Mount.uexp" 1487
"../../../Engine/Content/EditorMeshes/Camera/SM_RailRig_Track.ubulk" 1488
"../../../Engine/Content/EditorMeshes/Camera/SM_RailRig_Track.uasset" 1489
"../../../Engine/Content/EditorMeshes/Camera/SM_RailRig_Track.uexp" 1490
"../../../Engine/Plugins/Experimental/Water/Content/Meshes/LakeMesh.ubulk" 1491
"../../../Engine/Plugins/Experimental/Water/Content/Meshes/LakeMesh.uasset" 1492
"../../../Engine/Plugins/Experimental/Water/Content/Meshes/LakeMesh.uexp" 1493
"../../../Engine/Plugins/Experimental/Water/Content/Meshes/RiverMesh.ubulk" 1494
"../../../Engine/Plugins/Experimental/Water/Content/Meshes/RiverMesh.uasset" 1495
"../../../Engine/Plugins/Experimental/Water/Content/Meshes/RiverMesh.uexp" 1496
"X:/EldritchHorrorGame/EldritchHorror/Content/Animations/BatonAnimationFr.uasset" 1497
"X:/EldritchHorrorGame/EldritchHorror/Content/Animations/BatonAnimationFr.uexp" 1498
"X:/EldritchHorrorGame/EldritchHorror/Content/Models/Lab_Room.ubulk" 1499
"X:/EldritchHorrorGame/EldritchHorror/Content/Models/Lab_Room.uasset" 1500
"X:/EldritchHorrorGame/EldritchHorror/Content/Models/Lab_Room.uexp" 1501
"X:/EldritchHorrorGame/EldritchHorror/Content/Models/Plair_1.ubulk" 1502
"X:/EldritchHorrorGame/EldritchHorror/Content/Models/Plair_1.uasset" 1503
"X:/EldritchHorrorGame/EldritchHorror/Content/Models/Plair_1.uexp" 1504
"X:/EldritchHorrorGame/EldritchHorror/Content/Models/Prop_Morge.ubulk" 1505
"X:/EldritchHorrorGame/EldritchHorror/Content/Models/Prop_Morge.uasset" 1506
"X:/EldritchHorrorGame/EldritchHorror/Content/Models/Prop_Morge.uexp" 1507
"X:/EldritchHorrorGame/EldritchHorror/Content/Models/Room.ubulk" 1508
"X:/EldritchHorrorGame/EldritchHorror/Content/Models/Room.uasset" 1509
"X:/EldritchHorrorGame/EldritchHorror/Content/Models/Room.uexp" 1510
"X:/EldritchHorrorGame/EldritchHorror/Content/Models/Wall_Window.ubulk" 1511
"X:/EldritchHorrorGame/EldritchHorror/Content/Models/Wall_Window.uasset" 1512
"X:/EldritchHorrorGame/EldritchHorror/Content/Models/Wall_Window.uexp" 1513
"../../../Engine/Content/EngineMaterials/WeightMapPlaceholderTexture.uasset" 1514
"../../../Engine/Content/EngineMaterials/WeightMapPlaceholderTexture.uexp" 1515
"../../../Engine/Content/EngineMaterials/WeightMapArrayPlaceholderTexture.uasset" 1516
"../../../Engine/Content/EngineMaterials/WeightMapArrayPlaceholderTexture.uexp" 1517
"../../../Engine/Content/EngineResources/WhiteSquareTexture.uasset" 1518
"../../../Engine/Content/EngineResources/WhiteSquareTexture.uexp" 1519
"../../../Engine/Content/EngineMaterials/Widget3DPassThrough.uasset" 1520
"../../../Engine/Content/EngineMaterials/Widget3DPassThrough.uexp" 1521
"../../../Engine/Content/EngineMaterials/Widget3DPassThrough_Masked.uasset" 1522
"../../../Engine/Content/EngineMaterials/Widget3DPassThrough_Masked.uexp" 1523
"../../../Engine/Content/EngineMaterials/Widget3DPassThrough_Opaque.uasset" 1524
"../../../Engine/Content/EngineMaterials/Widget3DPassThrough_Opaque.uexp" 1525
"../../../Engine/Content/EngineMaterials/Widget3DPassThrough_Masked_OneSided.uasset" 1526
"../../../Engine/Content/EngineMaterials/Widget3DPassThrough_Masked_OneSided.uexp" 1527
"../../../Engine/Content/EngineMaterials/Widget3DPassThrough_Opaque_OneSided.uasset" 1528
"../../../Engine/Content/EngineMaterials/Widget3DPassThrough_Opaque_OneSided.uexp" 1529
"../../../Engine/Content/EngineMaterials/Widget3DPassThrough_Translucent.uasset" 1530
"../../../Engine/Content/EngineMaterials/Widget3DPassThrough_Translucent.uexp" 1531
"../../../Engine/Content/EngineMaterials/Widget3DPassThrough_Translucent_OneSided.uasset" 1532
"../../../Engine/Content/EngineMaterials/Widget3DPassThrough_Translucent_OneSided.uexp" 1533
"../../../Engine/Plugins/Animation/ControlRig/Content/Controls/ControlRig_Arrow2_1mm.ubulk" 1534
"../../../Engine/Plugins/Animation/ControlRig/Content/Controls/ControlRig_Arrow2_1mm.uasset" 1535
"../../../Engine/Plugins/Animation/ControlRig/Content/Controls/ControlRig_Arrow2_1mm.uexp" 1536
"../../../Engine/Plugins/Animation/ControlRig/Content/Controls/ControlRig_Arrow2_3mm.ubulk" 1537
"../../../Engine/Plugins/Animation/ControlRig/Content/Controls/ControlRig_Arrow2_3mm.uasset" 1538
"../../../Engine/Plugins/Animation/ControlRig/Content/Controls/ControlRig_Arrow2_3mm.uexp" 1539
"../../../Engine/Plugins/Animation/ControlRig/Content/Controls/ControlRig_Arrow2_solid.ubulk" 1540
"../../../Engine/Plugins/Animation/ControlRig/Content/Controls/ControlRig_Arrow2_solid.uasset" 1541
"../../../Engine/Plugins/Animation/ControlRig/Content/Controls/ControlRig_Arrow2_solid.uexp" 1542
"../../../Engine/Plugins/Animation/ControlRig/Content/Controls/ControlRig_Arrow4_1mm.ubulk" 1543
"../../../Engine/Plugins/Animation/ControlRig/Content/Controls/ControlRig_Arrow4_1mm.uasset" 1544
"../../../Engine/Plugins/Animation/ControlRig/Content/Controls/ControlRig_Arrow4_1mm.uexp" 1545
"../../../Engine/Plugins/Animation/ControlRig/Content/Controls/ControlRig_Arrow4_3mm.ubulk" 1546
"../../../Engine/Plugins/Animation/ControlRig/Content/Controls/ControlRig_Arrow4_3mm.uasset" 1547
"../../../Engine/Plugins/Animation/ControlRig/Content/Controls/ControlRig_Arrow4_3mm.uexp" 1548
"../../../Engine/Plugins/Animation/ControlRig/Content/Controls/ControlRig_Arrow4_solid.ubulk" 1549
"../../../Engine/Plugins/Animation/ControlRig/Content/Controls/ControlRig_Arrow4_solid.uasset" 1550
"../../../Engine/Plugins/Animation/ControlRig/Content/Controls/ControlRig_Arrow4_solid.uexp" 1551
"../../../Engine/Plugins/Animation/ControlRig/Content/Controls/ControlRig_Arrow_1mm.ubulk" 1552
"../../../Engine/Plugins/Animation/ControlRig/Content/Controls/ControlRig_Arrow_1mm.uasset" 1553
"../../../Engine/Plugins/Animation/ControlRig/Content/Controls/ControlRig_Arrow_1mm.uexp" 1554
"../../../Engine/Plugins/Animation/ControlRig/Content/Controls/ControlRig_Arrow_3mm.ubulk" 1555
"../../../Engine/Plugins/Animation/ControlRig/Content/Controls/ControlRig_Arrow_3mm.uasset" 1556
"../../../Engine/Plugins/Animation/ControlRig/Content/Controls/ControlRig_Arrow_3mm.uexp" 1557
"../../../Engine/Plugins/Animation/ControlRig/Content/Controls/ControlRig_Arrow_solid.ubulk" 1558
"../../../Engine/Plugins/Animation/ControlRig/Content/Controls/ControlRig_Arrow_solid.uasset" 1559
"../../../Engine/Plugins/Animation/ControlRig/Content/Controls/ControlRig_Arrow_solid.uexp" 1560
"../../../Engine/Plugins/Animation/ControlRig/Content/Controls/ControlRig_Box_1mm.ubulk" 1561
"../../../Engine/Plugins/Animation/ControlRig/Content/Controls/ControlRig_Box_1mm.uasset" 1562
"../../../Engine/Plugins/Animation/ControlRig/Content/Controls/ControlRig_Box_1mm.uexp" 1563
"../../../Engine/Plugins/Animation/ControlRig/Content/Controls/ControlRig_Box_3mm.ubulk" 1564
"../../../Engine/Plugins/Animation/ControlRig/Content/Controls/ControlRig_Box_3mm.uasset" 1565
"../../../Engine/Plugins/Animation/ControlRig/Content/Controls/ControlRig_Box_3mm.uexp" 1566
"../../../Engine/Plugins/Animation/ControlRig/Content/Controls/ControlRig_Box_solid.ubulk" 1567
"../../../Engine/Plugins/Animation/ControlRig/Content/Controls/ControlRig_Box_solid.uasset" 1568
"../../../Engine/Plugins/Animation/ControlRig/Content/Controls/ControlRig_Box_solid.uexp" 1569
"../../../Engine/Plugins/Animation/ControlRig/Content/Controls/ControlRig_Circle_1mm.ubulk" 1570
"../../../Engine/Plugins/Animation/ControlRig/Content/Controls/ControlRig_Circle_1mm.uasset" 1571
"../../../Engine/Plugins/Animation/ControlRig/Content/Controls/ControlRig_Circle_1mm.uexp" 1572
"../../../Engine/Plugins/Animation/ControlRig/Content/Controls/ControlRig_Circle_3mm.ubulk" 1573
"../../../Engine/Plugins/Animation/ControlRig/Content/Controls/ControlRig_Circle_3mm.uasset" 1574
"../../../Engine/Plugins/Animation/ControlRig/Content/Controls/ControlRig_Circle_3mm.uexp" 1575
"../../../Engine/Plugins/Animation/ControlRig/Content/Controls/ControlRig_Circle_solid.ubulk" 1576
"../../../Engine/Plugins/Animation/ControlRig/Content/Controls/ControlRig_Circle_solid.uasset" 1577
"../../../Engine/Plugins/Animation/ControlRig/Content/Controls/ControlRig_Circle_solid.uexp" 1578
"../../../Engine/Plugins/Animation/ControlRig/Content/Controls/ControlRig_Diamond_1mm.ubulk" 1579
"../../../Engine/Plugins/Animation/ControlRig/Content/Controls/ControlRig_Diamond_1mm.uasset" 1580
"../../../Engine/Plugins/Animation/ControlRig/Content/Controls/ControlRig_Diamond_1mm.uexp" 1581
"../../../Engine/Plugins/Animation/ControlRig/Content/Controls/ControlRig_Diamond_3mm.ubulk" 1582
"../../../Engine/Plugins/Animation/ControlRig/Content/Controls/ControlRig_Diamond_3mm.uasset" 1583
"../../../Engine/Plugins/Animation/ControlRig/Content/Controls/ControlRig_Diamond_3mm.uexp" 1584
"../../../Engine/Plugins/Animation/ControlRig/Content/Controls/ControlRig_Diamond_solid.ubulk" 1585
"../../../Engine/Plugins/Animation/ControlRig/Content/Controls/ControlRig_Diamond_solid.uasset" 1586
"../../../Engine/Plugins/Animation/ControlRig/Content/Controls/ControlRig_Diamond_solid.uexp" 1587
"../../../Engine/Plugins/Animation/ControlRig/Content/Controls/ControlRig_HalfCircle_1mm.ubulk" 1588
"../../../Engine/Plugins/Animation/ControlRig/Content/Controls/ControlRig_HalfCircle_1mm.uasset" 1589
"../../../Engine/Plugins/Animation/ControlRig/Content/Controls/ControlRig_HalfCircle_1mm.uexp" 1590
"../../../Engine/Plugins/Animation/ControlRig/Content/Controls/ControlRig_HalfCircle_3mm.ubulk" 1591
"../../../Engine/Plugins/Animation/ControlRig/Content/Controls/ControlRig_HalfCircle_3mm.uasset" 1592
"../../../Engine/Plugins/Animation/ControlRig/Content/Controls/ControlRig_HalfCircle_3mm.uexp" 1593
"../../../Engine/Plugins/Animation/ControlRig/Content/Controls/ControlRig_HalfCircle_solid.ubulk" 1594
"../../../Engine/Plugins/Animation/ControlRig/Content/Controls/ControlRig_HalfCircle_solid.uasset" 1595
"../../../Engine/Plugins/Animation/ControlRig/Content/Controls/ControlRig_HalfCircle_solid.uexp" 1596
"../../../Engine/Plugins/Animation/ControlRig/Content/Controls/ControlRig_Hexagon_1mm.ubulk" 1597
"../../../Engine/Plugins/Animation/ControlRig/Content/Controls/ControlRig_Hexagon_1mm.uasset" 1598
"../../../Engine/Plugins/Animation/ControlRig/Content/Controls/ControlRig_Hexagon_1mm.uexp" 1599
"../../../Engine/Plugins/Animation/ControlRig/Content/Controls/ControlRig_Hexagon_3mm.ubulk" 1600
"../../../Engine/Plugins/Animation/ControlRig/Content/Controls/ControlRig_Hexagon_3mm.uasset" 1601
"../../../Engine/Plugins/Animation/ControlRig/Content/Controls/ControlRig_Hexagon_3mm.uexp" 1602
"../../../Engine/Plugins/Animation/ControlRig/Content/Controls/ControlRig_Hexagon_solid.ubulk" 1603
"../../../Engine/Plugins/Animation/ControlRig/Content/Controls/ControlRig_Hexagon_solid.uasset" 1604
"../../../Engine/Plugins/Animation/ControlRig/Content/Controls/ControlRig_Hexagon_solid.uexp" 1605
"../../../Engine/Plugins/Animation/ControlRig/Content/Controls/ControlRig_Octagon_1mm.ubulk" 1606
"../../../Engine/Plugins/Animation/ControlRig/Content/Controls/ControlRig_Octagon_1mm.uasset" 1607
"../../../Engine/Plugins/Animation/ControlRig/Content/Controls/ControlRig_Octagon_1mm.uexp" 1608
"../../../Engine/Plugins/Animation/ControlRig/Content/Controls/ControlRig_Octagon_3mm.ubulk" 1609
"../../../Engine/Plugins/Animation/ControlRig/Content/Controls/ControlRig_Octagon_3mm.uasset" 1610
"../../../Engine/Plugins/Animation/ControlRig/Content/Controls/ControlRig_Octagon_3mm.uexp" 1611
"../../../Engine/Plugins/Animation/ControlRig/Content/Controls/ControlRig_Octagon_solid.ubulk" 1612
"../../../Engine/Plugins/Animation/ControlRig/Content/Controls/ControlRig_Octagon_solid.uasset" 1613
"../../../Engine/Plugins/Animation/ControlRig/Content/Controls/ControlRig_Octagon_solid.uexp" 1614
"../../../Engine/Plugins/Animation/ControlRig/Content/Controls/ControlRig_Pyramid_1mm.ubulk" 1615
"../../../Engine/Plugins/Animation/ControlRig/Content/Controls/ControlRig_Pyramid_1mm.uasset" 1616
"../../../Engine/Plugins/Animation/ControlRig/Content/Controls/ControlRig_Pyramid_1mm.uexp" 1617
"../../../Engine/Plugins/Animation/ControlRig/Content/Controls/ControlRig_Pyramid_3mm.ubulk" 1618
"../../../Engine/Plugins/Animation/ControlRig/Content/Controls/ControlRig_Pyramid_3mm.uasset" 1619
"../../../Engine/Plugins/Animation/ControlRig/Content/Controls/ControlRig_Pyramid_3mm.uexp" 1620
"../../../Engine/Plugins/Animation/ControlRig/Content/Controls/ControlRig_Pyramid_solid.ubulk" 1621
"../../../Engine/Plugins/Animation/ControlRig/Content/Controls/ControlRig_Pyramid_solid.uasset" 1622
"../../../Engine/Plugins/Animation/ControlRig/Content/Controls/ControlRig_Pyramid_solid.uexp" 1623
"../../../Engine/Plugins/Animation/ControlRig/Content/Controls/ControlRig_QuarterCircle_1mm.ubulk" 1624
"../../../Engine/Plugins/Animation/ControlRig/Content/Controls/ControlRig_QuarterCircle_1mm.uasset" 1625
"../../../Engine/Plugins/Animation/ControlRig/Content/Controls/ControlRig_QuarterCircle_1mm.uexp" 1626
"../../../Engine/Plugins/Animation/ControlRig/Content/Controls/ControlRig_QuarterCircle_3mm.ubulk" 1627
"../../../Engine/Plugins/Animation/ControlRig/Content/Controls/ControlRig_QuarterCircle_3mm.uasset" 1628
"../../../Engine/Plugins/Animation/ControlRig/Content/Controls/ControlRig_QuarterCircle_3mm.uexp" 1629
"../../../Engine/Plugins/Animation/ControlRig/Content/Controls/ControlRig_QuarterCircle_solid.ubulk" 1630
"../../../Engine/Plugins/Animation/ControlRig/Content/Controls/ControlRig_QuarterCircle_solid.uasset" 1631
"../../../Engine/Plugins/Animation/ControlRig/Content/Controls/ControlRig_QuarterCircle_solid.uexp" 1632
"../../../Engine/Plugins/Animation/ControlRig/Content/Controls/ControlRig_RoundedSquare_1mm.ubulk" 1633
"../../../Engine/Plugins/Animation/ControlRig/Content/Controls/ControlRig_RoundedSquare_1mm.uasset" 1634
"../../../Engine/Plugins/Animation/ControlRig/Content/Controls/ControlRig_RoundedSquare_1mm.uexp" 1635
"../../../Engine/Plugins/Animation/ControlRig/Content/Controls/ControlRig_RoundedSquare_3mm.ubulk" 1636
"../../../Engine/Plugins/Animation/ControlRig/Content/Controls/ControlRig_RoundedSquare_3mm.uasset" 1637
"../../../Engine/Plugins/Animation/ControlRig/Content/Controls/ControlRig_RoundedSquare_3mm.uexp" 1638
"../../../Engine/Plugins/Animation/ControlRig/Content/Controls/ControlRig_RoundedSquare_solid.ubulk" 1639
"../../../Engine/Plugins/Animation/ControlRig/Content/Controls/ControlRig_RoundedSquare_solid.uasset" 1640
"../../../Engine/Plugins/Animation/ControlRig/Content/Controls/ControlRig_RoundedSquare_solid.uexp" 1641
"../../../Engine/Plugins/Animation/ControlRig/Content/Controls/ControlRig_RoundedTriangle_1mm.ubulk" 1642
"../../../Engine/Plugins/Animation/ControlRig/Content/Controls/ControlRig_RoundedTriangle_1mm.uasset" 1643
"../../../Engine/Plugins/Animation/ControlRig/Content/Controls/ControlRig_RoundedTriangle_1mm.uexp" 1644
"../../../Engine/Plugins/Animation/ControlRig/Content/Controls/ControlRig_RoundedTriangle_3mm.ubulk" 1645
"../../../Engine/Plugins/Animation/ControlRig/Content/Controls/ControlRig_RoundedTriangle_3mm.uasset" 1646
"../../../Engine/Plugins/Animation/ControlRig/Content/Controls/ControlRig_RoundedTriangle_3mm.uexp" 1647
"../../../Engine/Plugins/Animation/ControlRig/Content/Controls/ControlRig_RoundedTriangle_solid.ubulk" 1648
"../../../Engine/Plugins/Animation/ControlRig/Content/Controls/ControlRig_RoundedTriangle_solid.uasset" 1649
"../../../Engine/Plugins/Animation/ControlRig/Content/Controls/ControlRig_RoundedTriangle_solid.uexp" 1650
"../../../Engine/Plugins/Animation/ControlRig/Content/Controls/ControlRig_Sphere_1mm.ubulk" 1651
"../../../Engine/Plugins/Animation/ControlRig/Content/Controls/ControlRig_Sphere_1mm.uasset" 1652
"../../../Engine/Plugins/Animation/ControlRig/Content/Controls/ControlRig_Sphere_1mm.uexp" 1653
"../../../Engine/Plugins/Animation/ControlRig/Content/Controls/ControlRig_Sphere_3mm.ubulk" 1654
"../../../Engine/Plugins/Animation/ControlRig/Content/Controls/ControlRig_Sphere_3mm.uasset" 1655
"../../../Engine/Plugins/Animation/ControlRig/Content/Controls/ControlRig_Sphere_3mm.uexp" 1656
"../../../Engine/Plugins/Animation/ControlRig/Content/Controls/ControlRig_Sphere_solid.ubulk" 1657
"../../../Engine/Plugins/Animation/ControlRig/Content/Controls/ControlRig_Sphere_solid.uasset" 1658
"../../../Engine/Plugins/Animation/ControlRig/Content/Controls/ControlRig_Sphere_solid.uexp" 1659
"../../../Engine/Plugins/Animation/ControlRig/Content/Controls/ControlRig_Square_1mm.ubulk" 1660
"../../../Engine/Plugins/Animation/ControlRig/Content/Controls/ControlRig_Square_1mm.uasset" 1661
"../../../Engine/Plugins/Animation/ControlRig/Content/Controls/ControlRig_Square_1mm.uexp" 1662
"../../../Engine/Plugins/Animation/ControlRig/Content/Controls/ControlRig_Square_3mm.ubulk" 1663
"../../../Engine/Plugins/Animation/ControlRig/Content/Controls/ControlRig_Square_3mm.uasset" 1664
"../../../Engine/Plugins/Animation/ControlRig/Content/Controls/ControlRig_Square_3mm.uexp" 1665
"../../../Engine/Plugins/Animation/ControlRig/Content/Controls/ControlRig_Square_solid.ubulk" 1666
"../../../Engine/Plugins/Animation/ControlRig/Content/Controls/ControlRig_Square_solid.uasset" 1667
"../../../Engine/Plugins/Animation/ControlRig/Content/Controls/ControlRig_Square_solid.uexp" 1668
"../../../Engine/Plugins/Animation/ControlRig/Content/Controls/ControlRig_Star4_1mm.ubulk" 1669
"../../../Engine/Plugins/Animation/ControlRig/Content/Controls/ControlRig_Star4_1mm.uasset" 1670
"../../../Engine/Plugins/Animation/ControlRig/Content/Controls/ControlRig_Star4_1mm.uexp" 1671
"../../../Engine/Plugins/Animation/ControlRig/Content/Controls/ControlRig_Star4_3mm.ubulk" 1672
"../../../Engine/Plugins/Animation/ControlRig/Content/Controls/ControlRig_Star4_3mm.uasset" 1673
"../../../Engine/Plugins/Animation/ControlRig/Content/Controls/ControlRig_Star4_3mm.uexp" 1674
"../../../Engine/Plugins/Animation/ControlRig/Content/Controls/ControlRig_Star4_solid.ubulk" 1675
"../../../Engine/Plugins/Animation/ControlRig/Content/Controls/ControlRig_Star4_solid.uasset" 1676
"../../../Engine/Plugins/Animation/ControlRig/Content/Controls/ControlRig_Star4_solid.uexp" 1677
"../../../Engine/Plugins/Animation/ControlRig/Content/Controls/ControlRig_Triangle_1mm.ubulk" 1678
"../../../Engine/Plugins/Animation/ControlRig/Content/Controls/ControlRig_Triangle_1mm.uasset" 1679
"../../../Engine/Plugins/Animation/ControlRig/Content/Controls/ControlRig_Triangle_1mm.uexp" 1680
"../../../Engine/Plugins/Animation/ControlRig/Content/Controls/ControlRig_Triangle_3mm.ubulk" 1681
"../../../Engine/Plugins/Animation/ControlRig/Content/Controls/ControlRig_Triangle_3mm.uasset" 1682
"../../../Engine/Plugins/Animation/ControlRig/Content/Controls/ControlRig_Triangle_3mm.uexp" 1683
"../../../Engine/Plugins/Animation/ControlRig/Content/Controls/ControlRig_Triangle_solid.ubulk" 1684
"../../../Engine/Plugins/Animation/ControlRig/Content/Controls/ControlRig_Triangle_solid.uasset" 1685
"../../../Engine/Plugins/Animation/ControlRig/Content/Controls/ControlRig_Triangle_solid.uexp" 1686
"../../../Engine/Plugins/Animation/ControlRig/Content/Controls/ControlRig_Wedge_1mm.ubulk" 1687
"../../../Engine/Plugins/Animation/ControlRig/Content/Controls/ControlRig_Wedge_1mm.uasset" 1688
"../../../Engine/Plugins/Animation/ControlRig/Content/Controls/ControlRig_Wedge_1mm.uexp" 1689
"../../../Engine/Plugins/Animation/ControlRig/Content/Controls/ControlRig_Wedge_3mm.ubulk" 1690
"../../../Engine/Plugins/Animation/ControlRig/Content/Controls/ControlRig_Wedge_3mm.uasset" 1691
"../../../Engine/Plugins/Animation/ControlRig/Content/Controls/ControlRig_Wedge_3mm.uexp" 1692
"../../../Engine/Plugins/Animation/ControlRig/Content/Controls/ControlRig_Wedge_solid.ubulk" 1693
"../../../Engine/Plugins/Animation/ControlRig/Content/Controls/ControlRig_Wedge_solid.uasset" 1694
"../../../Engine/Plugins/Animation/ControlRig/Content/Controls/ControlRig_Wedge_solid.uexp" 1695
"../../../Engine/Content/EditorLandscapeResources/ColorMaskBrushMaterial.uasset" 1696
"../../../Engine/Content/EditorLandscapeResources/ColorMaskBrushMaterial.uexp" 1697
"../../../Engine/Content/EditorLandscapeResources/ColorMaskBrushMaterial_MaskedRegion.uasset" 1698
"../../../Engine/Content/EditorLandscapeResources/ColorMaskBrushMaterial_MaskedRegion.uexp" 1699
"../../../Engine/Content/Functions/Engine_MaterialFunctions03/Math/WithinRangeFloat2.uasset" 1700
"../../../Engine/Content/Functions/Engine_MaterialFunctions03/Math/WithinRangeFloat2.uexp" 1701
"../../../Engine/Content/EditorLandscapeResources/MaskBrushMaterial.uasset" 1702
"../../../Engine/Content/EditorLandscapeResources/MaskBrushMaterial.uexp" 1703
"../../../Engine/Content/EditorLandscapeResources/MaskBrushMaterial_MaskedRegion.uasset" 1704
"../../../Engine/Content/EditorLandscapeResources/MaskBrushMaterial_MaskedRegion.uexp" 1705
"../../../Engine/Content/EditorLandscapeResources/SelectBrushMaterial.uasset" 1706
"../../../Engine/Content/EditorLandscapeResources/SelectBrushMaterial.uexp" 1707
"../../../Engine/Content/EditorLandscapeResources/SelectBrushMaterial_Selected.uasset" 1708
"../../../Engine/Content/EditorLandscapeResources/SelectBrushMaterial_Selected.uexp" 1709
"../../../Engine/Content/EditorLandscapeResources/SelectBrushMaterial_SelectedRegion.uasset" 1710
"../../../Engine/Content/EditorLandscapeResources/SelectBrushMaterial_SelectedRegion.uexp" 1711
"../../../Engine/Content/EditorLandscapeResources/SplineEditorMeshMat.uasset" 1712
"../../../Engine/Content/EditorLandscapeResources/SplineEditorMeshMat.uexp" 1713
"../../../Engine/Content/EditorLandscapeResources/SplineEditorMesh.ubulk" 1714
"../../../Engine/Content/EditorLandscapeResources/SplineEditorMesh.uasset" 1715
"../../../Engine/Content/EditorLandscapeResources/SplineEditorMesh.uexp" 1716
"../../../Engine/Content/EngineMaterials/DefaultMaterial.uasset" 1717
"../../../Engine/Content/EngineMaterials/DefaultMaterial.uexp" 1718
"../../../Engine/Content/BasicShapes/Cone.ubulk" 1719
"../../../Engine/Content/BasicShapes/Cone.uasset" 1720
"../../../Engine/Content/BasicShapes/Cone.uexp" 1721
"../../../Engine/Content/BasicShapes/Cylinder.ubulk" 1722
"../../../Engine/Content/BasicShapes/Cylinder.uasset" 1723
"../../../Engine/Content/BasicShapes/Cylinder.uexp" 1724
"../../../Engine/Content/BasicShapes/Plane.ubulk" 1725
"../../../Engine/Content/BasicShapes/Plane.uasset" 1726
"../../../Engine/Content/BasicShapes/Plane.uexp" 1727
"../../../Engine/Content/BasicShapes/Sphere.ubulk" 1728
"../../../Engine/Content/BasicShapes/Sphere.uasset" 1729
"../../../Engine/Content/BasicShapes/Sphere.uexp" 1730
"../../../Engine/Plugins/Media/MediaPlate/Content/SM_MediaPlateScreen.ubulk" 1731
"../../../Engine/Plugins/Media/MediaPlate/Content/SM_MediaPlateScreen.uasset" 1732
"../../../Engine/Plugins/Media/MediaPlate/Content/SM_MediaPlateScreen.uexp" 1733
"../../../Engine/Plugins/NNE/NNEDenoiser/Content/NNE_oidn2-3-0_rt_hdr_alb_nrm_small__dyn__fp16_opset11_DenoiseAlpha.uasset" 1734
"../../../Engine/Plugins/NNE/NNEDenoiser/Content/NNE_oidn2-3-0_rt_hdr_alb_nrm_small__dyn__fp16_opset11_DenoiseAlpha.uexp" 1735
"../../../Engine/Plugins/NNE/NNEDenoiser/Content/NNE_oidn2-3-0_rt_hdr_alb_nrm_small__dyn__fp16_opset11_ForwardAlpha.uasset" 1736
"../../../Engine/Plugins/NNE/NNEDenoiser/Content/NNE_oidn2-3-0_rt_hdr_alb_nrm_small__dyn__fp16_opset11_ForwardAlpha.uexp" 1737
"../../../Engine/Plugins/NNE/NNEDenoiser/Content/NNE_oidn2-3-0_rt_hdr_alb_nrm__dyn__fp16_opset11_DenoiseAlpha.uasset" 1738
"../../../Engine/Plugins/NNE/NNEDenoiser/Content/NNE_oidn2-3-0_rt_hdr_alb_nrm__dyn__fp16_opset11_DenoiseAlpha.uexp" 1739
"../../../Engine/Plugins/NNE/NNEDenoiser/Content/NNE_oidn2-3-0_rt_hdr_alb_nrm__dyn__fp16_opset11_ForwardAlpha.uasset" 1740
"../../../Engine/Plugins/NNE/NNEDenoiser/Content/NNE_oidn2-3-0_rt_hdr_alb_nrm__dyn__fp16_opset11_ForwardAlpha.uexp" 1741
"../../../Engine/Plugins/NNE/NNEDenoiser/Content/NNE_oidn2-3-0_rt_hdr_calb_cnrm_large__dyn__fp16_opset11_DenoiseAlpha.uasset" 1742
"../../../Engine/Plugins/NNE/NNEDenoiser/Content/NNE_oidn2-3-0_rt_hdr_calb_cnrm_large__dyn__fp16_opset11_DenoiseAlpha.uexp" 1743
"../../../Engine/Plugins/NNE/NNEDenoiser/Content/NNE_oidn2-3-0_rt_hdr_calb_cnrm_large__dyn__fp16_opset11_ForwardAlpha.uasset" 1744
"../../../Engine/Plugins/NNE/NNEDenoiser/Content/NNE_oidn2-3-0_rt_hdr_calb_cnrm_large__dyn__fp16_opset11_ForwardAlpha.uexp" 1745
"X:/EldritchHorrorGame/EldritchHorror/Content/dingus_whiskers_tga.ubulk" 1746
"X:/EldritchHorrorGame/EldritchHorror/Content/dingus_whiskers_tga.uasset" 1747
"X:/EldritchHorrorGame/EldritchHorror/Content/dingus_whiskers_tga.uexp" 1748
"X:/EldritchHorrorGame/EldritchHorror/Content/whiskers.uasset" 1749
"X:/EldritchHorrorGame/EldritchHorror/Content/whiskers.uexp" 1750
"X:/EldritchHorrorGame/EldritchHorror/Content/dingus_nowhiskers.ubulk" 1751
"X:/EldritchHorrorGame/EldritchHorror/Content/dingus_nowhiskers.uasset" 1752
"X:/EldritchHorrorGame/EldritchHorror/Content/dingus_nowhiskers.uexp" 1753
"X:/EldritchHorrorGame/EldritchHorror/Content/dingus.uasset" 1754
"X:/EldritchHorrorGame/EldritchHorror/Content/dingus.uexp" 1755
"X:/EldritchHorrorGame/EldritchHorror/Content/Maxwell_1.ubulk" 1756
"X:/EldritchHorrorGame/EldritchHorror/Content/Maxwell_1.uasset" 1757
"X:/EldritchHorrorGame/EldritchHorror/Content/Maxwell_1.uexp" 1758
"../../../Engine/Plugins/2D/Paper2D/Content/DefaultSpriteMaterial.uasset" 1759
"../../../Engine/Plugins/2D/Paper2D/Content/DefaultSpriteMaterial.uexp" 1760
"../../../Engine/Plugins/2D/Paper2D/Content/MaskedUnlitSpriteMaterial.uasset" 1761
"../../../Engine/Plugins/2D/Paper2D/Content/MaskedUnlitSpriteMaterial.uexp" 1762
"../../../Engine/Plugins/2D/Paper2D/Content/OpaqueUnlitSpriteMaterial.uasset" 1763
"../../../Engine/Plugins/2D/Paper2D/Content/OpaqueUnlitSpriteMaterial.uexp" 1764
"../../../Engine/Content/EngineResources/LandscapeVisibilityLayerInfo.uasset" 1765
"../../../Engine/Content/EngineResources/LandscapeVisibilityLayerInfo.uexp" 1766
"../../../Engine/Content/VREditor/Sounds/UI/Drop_Item_From_ContentBrowser.ubulk" 1767
"../../../Engine/Content/VREditor/Sounds/UI/Drop_Item_From_ContentBrowser.uasset" 1768
"../../../Engine/Content/VREditor/Sounds/UI/Drop_Item_From_ContentBrowser.uexp" 1769
"../../../Engine/Content/VREditor/Sounds/UI/Gizmo_Handle_Clicked.ubulk" 1770
"../../../Engine/Content/VREditor/Sounds/UI/Gizmo_Handle_Clicked.uasset" 1771
"../../../Engine/Content/VREditor/Sounds/UI/Gizmo_Handle_Clicked.uexp" 1772
"../../../Engine/Content/VREditor/Sounds/UI/Object_PickUp.ubulk" 1773
"../../../Engine/Content/VREditor/Sounds/UI/Object_PickUp.uasset" 1774
"../../../Engine/Content/VREditor/Sounds/UI/Object_PickUp.uexp" 1775
"../../../Engine/Content/VREditor/Sounds/UI/Object_Snaps_To_Another_Actor.ubulk" 1776
"../../../Engine/Content/VREditor/Sounds/UI/Object_Snaps_To_Another_Actor.uasset" 1777
"../../../Engine/Content/VREditor/Sounds/UI/Object_Snaps_To_Another_Actor.uexp" 1778
"../../../Engine/Content/VREditor/Sounds/UI/Object_Snaps_To_Grid.ubulk" 1779
"../../../Engine/Content/VREditor/Sounds/UI/Object_Snaps_To_Grid.uasset" 1780
"../../../Engine/Content/VREditor/Sounds/UI/Object_Snaps_To_Grid.uexp" 1781
"../../../Engine/Content/VREditor/Sounds/UI/Scaling_Down.ubulk" 1782
"../../../Engine/Content/VREditor/Sounds/UI/Scaling_Down.uasset" 1783
"../../../Engine/Content/VREditor/Sounds/UI/Scaling_Down.uexp" 1784
"../../../Engine/Content/VREditor/Sounds/UI/Scaling_Up.ubulk" 1785
"../../../Engine/Content/VREditor/Sounds/UI/Scaling_Up.uasset" 1786
"../../../Engine/Content/VREditor/Sounds/UI/Scaling_Up.uexp" 1787
"../../../Engine/Content/VREditor/Sounds/UI/Selection_Changes.ubulk" 1788
"../../../Engine/Content/VREditor/Sounds/UI/Selection_Changes.uasset" 1789
"../../../Engine/Content/VREditor/Sounds/UI/Selection_Changes.uexp" 1790
"../../../Engine/Content/Functions/Engine_MaterialFunctions02/SplitComponents.uasset" 1791
"../../../Engine/Content/Functions/Engine_MaterialFunctions02/SplitComponents.uexp" 1792
"../../../Engine/Content/VREditor/SnapGrid/SnapGridMaterial.uasset" 1793
"../../../Engine/Content/VREditor/SnapGrid/SnapGridMaterial.uexp" 1794
"../../../Engine/Content/VREditor/SnapGrid/SnapGridPlaneMesh.ubulk" 1795
"../../../Engine/Content/VREditor/SnapGrid/SnapGridPlaneMesh.uasset" 1796
"../../../Engine/Content/VREditor/SnapGrid/SnapGridPlaneMesh.uexp" 1797
"../../../Engine/Content/VREditor/TransformGizmo/PlaneTranslationHandle.ubulk" 1798
"../../../Engine/Content/VREditor/TransformGizmo/PlaneTranslationHandle.uasset" 1799
"../../../Engine/Content/VREditor/TransformGizmo/PlaneTranslationHandle.uexp" 1800
"../../../Engine/Content/VREditor/TransformGizmo/RotationHandleFull.ubulk" 1801
"../../../Engine/Content/VREditor/TransformGizmo/RotationHandleFull.uasset" 1802
"../../../Engine/Content/VREditor/TransformGizmo/RotationHandleFull.uexp" 1803
"../../../Engine/Content/VREditor/TransformGizmo/RotationHandleIndicator.ubulk" 1804
"../../../Engine/Content/VREditor/TransformGizmo/RotationHandleIndicator.uasset" 1805
"../../../Engine/Content/VREditor/TransformGizmo/RotationHandleIndicator.uexp" 1806
"../../../Engine/Content/VREditor/TransformGizmo/RotationHandleQuarter.ubulk" 1807
"../../../Engine/Content/VREditor/TransformGizmo/RotationHandleQuarter.uasset" 1808
"../../../Engine/Content/VREditor/TransformGizmo/RotationHandleQuarter.uexp" 1809
"../../../Engine/Content/VREditor/TransformGizmo/StartRotationHandleIndicator.ubulk" 1810
"../../../Engine/Content/VREditor/TransformGizmo/StartRotationHandleIndicator.uasset" 1811
"../../../Engine/Content/VREditor/TransformGizmo/StartRotationHandleIndicator.uexp" 1812
"../../../Engine/Content/VREditor/TransformGizmo/TranslucentTransformGizmoMaterial_Inst.uasset" 1813
"../../../Engine/Content/VREditor/TransformGizmo/TranslucentTransformGizmoMaterial_Inst.uexp" 1814
"../../../Engine/Content/VREditor/TransformGizmo/TransformGizmoFreeRotation.ubulk" 1815
"../../../Engine/Content/VREditor/TransformGizmo/TransformGizmoFreeRotation.uasset" 1816
"../../../Engine/Content/VREditor/TransformGizmo/TransformGizmoFreeRotation.uexp" 1817
"../../../Engine/Content/VREditor/TransformGizmo/TranslateArrowHandle.ubulk" 1818
"../../../Engine/Content/VREditor/TransformGizmo/TranslateArrowHandle.uasset" 1819
"../../../Engine/Content/VREditor/TransformGizmo/TranslateArrowHandle.uexp" 1820
"../../../Engine/Content/VREditor/TransformGizmo/UniformScaleHandle.ubulk" 1821
"../../../Engine/Content/VREditor/TransformGizmo/UniformScaleHandle.uasset" 1822
"../../../Engine/Content/VREditor/TransformGizmo/UniformScaleHandle.uexp" 1823
"../../../Engine/Content/VREditor/TransformGizmo/TransformGizmoMaterial_Inst.uasset" 1824
"../../../Engine/Content/VREditor/TransformGizmo/TransformGizmoMaterial_Inst.uexp" 1825
"../../../Engine/Plugins/Animation/DeformerGraph/Content/DeformerFunctions/DG_Function_LinearBlendSkin_Morph_Cloth.uasset" 1826
"../../../Engine/Plugins/Animation/DeformerGraph/Content/DeformerFunctions/DG_Function_LinearBlendSkin_Morph_Cloth.uexp" 1827
"../../../Engine/Plugins/Animation/DeformerGraph/Content/Deformers/DG_LinearBlendSkin_Morph_Cloth.uasset" 1828
"../../../Engine/Plugins/Animation/DeformerGraph/Content/Deformers/DG_LinearBlendSkin_Morph_Cloth.uexp" 1829
"../../../Engine/Plugins/Animation/DeformerGraph/Content/DeformerFunctions/DG_Function_LinearBlendSkin_Morph_Cloth_PositionOnly.uasset" 1830
"../../../Engine/Plugins/Animation/DeformerGraph/Content/DeformerFunctions/DG_Function_LinearBlendSkin_Morph_Cloth_PositionOnly.uexp" 1831
"../../../Engine/Plugins/Animation/DeformerGraph/Content/DeformerFunctions/DG_Function_ComputeNormalsTangents.uasset" 1832
"../../../Engine/Plugins/Animation/DeformerGraph/Content/DeformerFunctions/DG_Function_ComputeNormalsTangents.uexp" 1833
"../../../Engine/Plugins/Animation/DeformerGraph/Content/Deformers/DG_LinearBlendSkin_Morph_Cloth_RecomputeNormals.uasset" 1834
"../../../Engine/Plugins/Animation/DeformerGraph/Content/Deformers/DG_LinearBlendSkin_Morph_Cloth_RecomputeNormals.uexp" 1835
"../../../Engine/Plugins/NNE/NNEDenoiser/Content/NNEDT_Oidn2-3_Balanced.uasset" 1836
"../../../Engine/Plugins/NNE/NNEDenoiser/Content/NNEDT_Oidn2-3_Balanced.uexp" 1837
"../../../Engine/Plugins/NNE/NNEDenoiser/Content/NNEDT_Oidn2-3_Balanced_Alpha.uasset" 1838
"../../../Engine/Plugins/NNE/NNEDenoiser/Content/NNEDT_Oidn2-3_Balanced_Alpha.uexp" 1839
"../../../Engine/Plugins/NNE/NNEDenoiser/Content/NNED_Oidn2-3_Balanced.uasset" 1840
"../../../Engine/Plugins/NNE/NNEDenoiser/Content/NNED_Oidn2-3_Balanced.uexp" 1841
"../../../Engine/Plugins/NNE/NNEDenoiser/Content/NNED_Oidn2-3_Balanced_Alpha.uasset" 1842
"../../../Engine/Plugins/NNE/NNEDenoiser/Content/NNED_Oidn2-3_Balanced_Alpha.uexp" 1843
"../../../Engine/Plugins/NNE/NNEDenoiser/Content/NNED_Oidn2-3_Fast.uasset" 1844
"../../../Engine/Plugins/NNE/NNEDenoiser/Content/NNED_Oidn2-3_Fast.uexp" 1845
"../../../Engine/Plugins/NNE/NNEDenoiser/Content/NNED_Oidn2-3_Fast_Alpha.uasset" 1846
"../../../Engine/Plugins/NNE/NNEDenoiser/Content/NNED_Oidn2-3_Fast_Alpha.uexp" 1847
"../../../Engine/Plugins/NNE/NNEDenoiser/Content/NNED_Oidn2-3_HighQuality.uasset" 1848
"../../../Engine/Plugins/NNE/NNEDenoiser/Content/NNED_Oidn2-3_HighQuality.uexp" 1849
"../../../Engine/Plugins/NNE/NNEDenoiser/Content/NNED_Oidn2-3_HighQuality_Alpha.uasset" 1850
"../../../Engine/Plugins/NNE/NNEDenoiser/Content/NNED_Oidn2-3_HighQuality_Alpha.uexp" 1851
"X:/EldritchHorrorGame/EldritchHorror/Content/Maxwell.uasset" 1852
"X:/EldritchHorrorGame/EldritchHorror/Content/Maxwell.uexp" 1853
"../../../Engine/Content/Maps/Entry_BuiltData.uasset" 1854
"../../../Engine/Content/Maps/Entry_BuiltData.uexp" 1855
"../../../Engine/Content/Maps/Entry.uexp" 1856
"../../../Engine/Content/Maps/Entry.umap" 1857
"X:/EldritchHorrorGame/EldritchHorror/Content/UI/MenuGameMode.uasset" 1858
"X:/EldritchHorrorGame/EldritchHorror/Content/UI/MenuGameMode.uexp" 1859
"../../../Engine/Content/Functions/Engine_MaterialFunctions02/ExampleContent/Textures/flipbook.ubulk" 1860
"../../../Engine/Content/Functions/Engine_MaterialFunctions02/ExampleContent/Textures/flipbook.uasset" 1861
"../../../Engine/Content/Functions/Engine_MaterialFunctions02/ExampleContent/Textures/flipbook.uexp" 1862
"../../../Engine/Content/Functions/Engine_MaterialFunctions02/ExampleContent/Textures/DebugNumberPeriod.uasset" 1863
"../../../Engine/Content/Functions/Engine_MaterialFunctions02/ExampleContent/Textures/DebugNumberPeriod.uexp" 1864
"X:/EldritchHorrorGame/EldritchHorror/Content/Animations/sprite_sheet__3_.uasset" 1865
"X:/EldritchHorrorGame/EldritchHorror/Content/Animations/sprite_sheet__3_.uexp" 1866
"../../../Engine/Content/Functions/Engine_MaterialFunctions01/Texturing/ComputeMipLevel.uasset" 1867
"../../../Engine/Content/Functions/Engine_MaterialFunctions01/Texturing/ComputeMipLevel.uexp" 1868
"../../../Engine/Content/Functions/Engine_MaterialFunctions02/Utility/DebugScalarValues.uasset" 1869
"../../../Engine/Content/Functions/Engine_MaterialFunctions02/Utility/DebugScalarValues.uexp" 1870
"../../../Engine/Content/Functions/Engine_MaterialFunctions02/Utility/DebugFloat2Values.uasset" 1871
"../../../Engine/Content/Functions/Engine_MaterialFunctions02/Utility/DebugFloat2Values.uexp" 1872
"../../../Engine/Content/Functions/Engine_MaterialFunctions02/Texturing/FlipBook.uasset" 1873
"../../../Engine/Content/Functions/Engine_MaterialFunctions02/Texturing/FlipBook.uexp" 1874
"X:/EldritchHorrorGame/EldritchHorror/Content/Animations/FlipbookUI.uasset" 1875
"X:/EldritchHorrorGame/EldritchHorror/Content/Animations/FlipbookUI.uexp" 1876
"X:/EldritchHorrorGame/EldritchHorror/Content/Loading.uasset" 1877
"X:/EldritchHorrorGame/EldritchHorror/Content/Loading.uexp" 1878
"X:/EldritchHorrorGame/EldritchHorror/Content/UI/Refined_AAEF_copy.uasset" 1879
"X:/EldritchHorrorGame/EldritchHorror/Content/UI/Refined_AAEF_copy.uexp" 1880
"X:/EldritchHorrorGame/EldritchHorror/Content/UI/Credits.uasset" 1881
"X:/EldritchHorrorGame/EldritchHorror/Content/UI/Credits.uexp" 1882
"X:/EldritchHorrorGame/EldritchHorror/Content/UI/MainMenu.uasset" 1883
"X:/EldritchHorrorGame/EldritchHorror/Content/UI/MainMenu.uexp" 1884
"../../../Engine/Content/EngineSky/VolumetricClouds/T_CloudMask.ubulk" 1885
"../../../Engine/Content/EngineSky/VolumetricClouds/T_CloudMask.uasset" 1886
"../../../Engine/Content/EngineSky/VolumetricClouds/T_CloudMask.uexp" 1887
"../../../Engine/Content/EngineSky/VolumetricClouds/T_CloudPattern.ubulk" 1888
"../../../Engine/Content/EngineSky/VolumetricClouds/T_CloudPattern.uasset" 1889
"../../../Engine/Content/EngineSky/VolumetricClouds/T_CloudPattern.uexp" 1890
"../../../Engine/Content/EngineSky/VolumetricClouds/T_Profile_08.ubulk" 1891
"../../../Engine/Content/EngineSky/VolumetricClouds/T_Profile_08.uasset" 1892
"../../../Engine/Content/EngineSky/VolumetricClouds/T_Profile_08.uexp" 1893
"../../../Engine/Content/EngineSky/VolumetricClouds/VT_PerlinWorley_Balanced.uasset" 1894
"../../../Engine/Content/EngineSky/VolumetricClouds/VT_PerlinWorley_Balanced.uexp" 1895
"../../../Engine/Content/Functions/Engine_MaterialFunctions02/Utility/BreakOutFloat4Components.uasset" 1896
"../../../Engine/Content/Functions/Engine_MaterialFunctions02/Utility/BreakOutFloat4Components.uexp" 1897
"../../../Engine/Content/EngineResources/DefaultVolumeTexture2D.uasset" 1898
"../../../Engine/Content/EngineResources/DefaultVolumeTexture2D.uexp" 1899
"../../../Engine/Content/EngineResources/DefaultVolumeTexture.uasset" 1900
"../../../Engine/Content/EngineResources/DefaultVolumeTexture.uexp" 1901
"../../../Engine/Content/Functions/Engine_MaterialFunctions02/Utility/MakeFloat4.uasset" 1902
"../../../Engine/Content/Functions/Engine_MaterialFunctions02/Utility/MakeFloat4.uexp" 1903
"../../../Engine/Content/EngineSky/VolumetricClouds/VT_Lightning.uasset" 1904
"../../../Engine/Content/EngineSky/VolumetricClouds/VT_Lightning.uexp" 1905
"../../../Engine/Content/Functions/Engine_MaterialFunctions01/Units/Km-to-Cm.uasset" 1906
"../../../Engine/Content/Functions/Engine_MaterialFunctions01/Units/Km-to-Cm.uexp" 1907
"../../../Engine/Content/EngineSky/VolumetricClouds/m_SimpleVolumetricCloud.uasset" 1908
"../../../Engine/Content/EngineSky/VolumetricClouds/m_SimpleVolumetricCloud.uexp" 1909
"../../../Engine/Content/EngineSky/VolumetricClouds/m_SimpleVolumetricCloud_Inst.uasset" 1910
"../../../Engine/Content/EngineSky/VolumetricClouds/m_SimpleVolumetricCloud_Inst.uexp" 1911
"../../../Engine/Content/EngineSky/T_Sky_Stars.ubulk" 1912
"../../../Engine/Content/EngineSky/T_Sky_Stars.uasset" 1913
"../../../Engine/Content/EngineSky/T_Sky_Stars.uexp" 1914
"../../../Engine/Content/EngineSky/T_Sky_Clouds_M.ubulk" 1915
"../../../Engine/Content/EngineSky/T_Sky_Clouds_M.uasset" 1916
"../../../Engine/Content/EngineSky/T_Sky_Clouds_M.uexp" 1917
"../../../Engine/Content/EngineSky/T_Sky_Blue.ubulk" 1918
"../../../Engine/Content/EngineSky/T_Sky_Blue.uasset" 1919
"../../../Engine/Content/EngineSky/T_Sky_Blue.uexp" 1920
"../../../Engine/Content/EngineSky/M_Sky_Panning_Clouds2.uasset" 1921
"../../../Engine/Content/EngineSky/M_Sky_Panning_Clouds2.uexp" 1922
"../../../Engine/Content/EngineSky/SM_SkySphere.ubulk" 1923
"../../../Engine/Content/EngineSky/SM_SkySphere.uasset" 1924
"../../../Engine/Content/EngineSky/SM_SkySphere.uexp" 1925
"../../../Engine/Content/EngineSky/M_SimpleSkyDome.uasset" 1926
"../../../Engine/Content/EngineSky/M_SimpleSkyDome.uexp" 1927
"X:/EldritchHorrorGame/EldritchHorror/Content/Sounds/TitleMusic.ubulk" 1928
"X:/EldritchHorrorGame/EldritchHorror/Content/Sounds/TitleMusic.uasset" 1929
"X:/EldritchHorrorGame/EldritchHorror/Content/Sounds/TitleMusic.uexp" 1930
"X:/EldritchHorrorGame/EldritchHorror/Content/Sounds/Sources/Music.uasset" 1931
"X:/EldritchHorrorGame/EldritchHorror/Content/Sounds/Sources/Music.uexp" 1932
"../../../Engine/Content/EngineMaterials/DefaultPhysicalMaterial.uasset" 1933
"../../../Engine/Content/EngineMaterials/DefaultPhysicalMaterial.uexp" 1934
"../../../Engine/Plugins/Experimental/Water/Content/Textures/BlackTexture2DArray.uasset" 1935
"../../../Engine/Plugins/Experimental/Water/Content/Textures/BlackTexture2DArray.uexp" 1936
"../../../Engine/Plugins/Experimental/Water/Content/Materials/Functions/HighQualityTextureFiltering.uasset" 1937
"../../../Engine/Plugins/Experimental/Water/Content/Materials/Functions/HighQualityTextureFiltering.uexp" 1938
"../../../Engine/Plugins/Experimental/Water/Content/Materials/Functions/WaterZoneData.uasset" 1939
"../../../Engine/Plugins/Experimental/Water/Content/Materials/Functions/WaterZoneData.uexp" 1940
"../../../Engine/Plugins/Experimental/Water/Content/Materials/Functions/SampleBakedFluidSimulation.uasset" 1941
"../../../Engine/Plugins/Experimental/Water/Content/Materials/Functions/SampleBakedFluidSimulation.uexp" 1942
"../../../Engine/Plugins/Experimental/Water/Content/Materials/Functions/WaterBodyData.uasset" 1943
"../../../Engine/Plugins/Experimental/Water/Content/Materials/Functions/WaterBodyData.uexp" 1944
"../../../Engine/Plugins/Experimental/Water/Content/Materials/Functions/ComputeWavesAttenuationFactor.uasset" 1945
"../../../Engine/Plugins/Experimental/Water/Content/Materials/Functions/ComputeWavesAttenuationFactor.uexp" 1946
"../../../Engine/Plugins/Experimental/Water/Content/Materials/Functions/WaveDepthFalloff_Overrides.uasset" 1947
"../../../Engine/Plugins/Experimental/Water/Content/Materials/Functions/WaveDepthFalloff_Overrides.uexp" 1948
"../../../Engine/Plugins/Experimental/Water/Content/Materials/Functions/ComputeGerstnerWaves.uasset" 1949
"../../../Engine/Plugins/Experimental/Water/Content/Materials/Functions/ComputeGerstnerWaves.uexp" 1950
"../../../Engine/Plugins/Experimental/Water/Content/Materials/MPC/MPC_Water.uasset" 1951
"../../../Engine/Plugins/Experimental/Water/Content/Materials/MPC/MPC_Water.uexp" 1952
"../../../Engine/Plugins/Experimental/Water/Content/Materials/Functions/GetWaterTime.uasset" 1953
"../../../Engine/Plugins/Experimental/Water/Content/Materials/Functions/GetWaterTime.uexp" 1954
"../../../Engine/Plugins/Experimental/Water/Content/Materials/Layers/WaterAttributes.uasset" 1955
"../../../Engine/Plugins/Experimental/Water/Content/Materials/Layers/WaterAttributes.uexp" 1956
"../../../Engine/Plugins/Experimental/Water/Content/Textures/Normals/T_Water_TilingNormal_With_Height_02_Softened.ubulk" 1957
"../../../Engine/Plugins/Experimental/Water/Content/Textures/Normals/T_Water_TilingNormal_With_Height_02_Softened.uasset" 1958
"../../../Engine/Plugins/Experimental/Water/Content/Textures/Normals/T_Water_TilingNormal_With_Height_02_Softened.uexp" 1959
"../../../Engine/Content/Functions/Engine_MaterialFunctions02/Math/TimeWithSpeedVariable.uasset" 1960
"../../../Engine/Content/Functions/Engine_MaterialFunctions02/Math/TimeWithSpeedVariable.uexp" 1961
"../../../Engine/Plugins/Experimental/Water/Content/Materials/Functions/WaterTextureWaves.uasset" 1962
"../../../Engine/Plugins/Experimental/Water/Content/Materials/Functions/WaterTextureWaves.uexp" 1963
"../../../Engine/Plugins/Experimental/Water/Content/Materials/Functions/WaterTextureSurface.uasset" 1964
"../../../Engine/Plugins/Experimental/Water/Content/Materials/Functions/WaterTextureSurface.uexp" 1965
"../../../Engine/Plugins/Experimental/Water/Content/Materials/Functions/WorldPositionBehindWater.uasset" 1966
"../../../Engine/Plugins/Experimental/Water/Content/Materials/Functions/WorldPositionBehindWater.uexp" 1967
"../../../Engine/Plugins/Experimental/Water/Content/Materials/Functions/WorldNormalBehindWater.uasset" 1968
"../../../Engine/Plugins/Experimental/Water/Content/Materials/Functions/WorldNormalBehindWater.uexp" 1969
"../../../Engine/Plugins/Experimental/Water/Content/Caustics/Materials/Functions/GetDistortionUV.uasset" 1970
"../../../Engine/Plugins/Experimental/Water/Content/Caustics/Materials/Functions/GetDistortionUV.uexp" 1971
"../../../Engine/Plugins/Experimental/Water/Content/Caustics/Materials/Functions/WaterCaustics_GerstnerWaves.uasset" 1972
"../../../Engine/Plugins/Experimental/Water/Content/Caustics/Materials/Functions/WaterCaustics_GerstnerWaves.uexp" 1973
"../../../Engine/Content/EngineSky/VolumetricClouds/T_VolumeNoiseShape128.uasset" 1974
"../../../Engine/Content/EngineSky/VolumetricClouds/T_VolumeNoiseShape128.uexp" 1975
"../../../Engine/Plugins/Experimental/Water/Content/Textures/Foam/T_WaterFlow_01_Foam_Tiled_N.ubulk" 1976
"../../../Engine/Plugins/Experimental/Water/Content/Textures/Foam/T_WaterFlow_01_Foam_Tiled_N.uasset" 1977
"../../../Engine/Plugins/Experimental/Water/Content/Textures/Foam/T_WaterFlow_01_Foam_Tiled_N.uexp" 1978
"../../../Engine/Plugins/Experimental/Water/Content/Textures/Foam/T_WaterFlow_01_Foam_Tiled.ubulk" 1979
"../../../Engine/Plugins/Experimental/Water/Content/Textures/Foam/T_WaterFlow_01_Foam_Tiled.uasset" 1980
"../../../Engine/Plugins/Experimental/Water/Content/Textures/Foam/T_WaterFlow_01_Foam_Tiled.uexp" 1981
"../../../Engine/Plugins/Experimental/Water/Content/FluidSimulation/WaveFoam/FoamRT.uasset" 1982
"../../../Engine/Plugins/Experimental/Water/Content/FluidSimulation/WaveFoam/FoamRT.uexp" 1983
"../../../Engine/Content/Functions/Engine_MaterialFunctions03/Procedurals/NormalFromHeightmap.uasset" 1984
"../../../Engine/Content/Functions/Engine_MaterialFunctions03/Procedurals/NormalFromHeightmap.uexp" 1985
"../../../Engine/Content/Functions/Engine_MaterialFunctions01/Gradient/BoxMask-2D.uasset" 1986
"../../../Engine/Content/Functions/Engine_MaterialFunctions01/Gradient/BoxMask-2D.uexp" 1987
"../../../Engine/Content/Functions/Engine_MaterialFunctions01/Gradient/LinearGradient.uasset" 1988
"../../../Engine/Content/Functions/Engine_MaterialFunctions01/Gradient/LinearGradient.uexp" 1989
"../../../Engine/Content/Functions/Engine_MaterialFunctions01/ImageAdjustment/CheapContrast.uasset" 1990
"../../../Engine/Content/Functions/Engine_MaterialFunctions01/ImageAdjustment/CheapContrast.uexp" 1991
"../../../Engine/Content/Functions/Engine_MaterialFunctions02/Texturing/HeightLerp.uasset" 1992
"../../../Engine/Content/Functions/Engine_MaterialFunctions02/Texturing/HeightLerp.uexp" 1993
"../../../Engine/Plugins/Experimental/Water/Content/Materials/Layers/BeachFoam.uasset" 1994
"../../../Engine/Plugins/Experimental/Water/Content/Materials/Layers/BeachFoam.uexp" 1995
"../../../Engine/Plugins/Experimental/Water/Content/Materials/Functions/WaveVelocityMask.uasset" 1996
"../../../Engine/Plugins/Experimental/Water/Content/Materials/Functions/WaveVelocityMask.uexp" 1997
"../../../Engine/Plugins/Experimental/Water/Content/Materials/Functions/Water_Underside.uasset" 1998
"../../../Engine/Plugins/Experimental/Water/Content/Materials/Functions/Water_Underside.uexp" 1999
"../../../Engine/Plugins/Experimental/Water/Content/Textures/Flowmaps/RiverFlowmap_Normal.ubulk" 2000
"../../../Engine/Plugins/Experimental/Water/Content/Textures/Flowmaps/RiverFlowmap_Normal.uasset" 2001
"../../../Engine/Plugins/Experimental/Water/Content/Textures/Flowmaps/RiverFlowmap_Normal.uexp" 2002
"../../../Engine/Plugins/Experimental/Water/Content/Textures/Flowmaps/RiverFlowmap_Diffuse.ubulk" 2003
"../../../Engine/Plugins/Experimental/Water/Content/Textures/Flowmaps/RiverFlowmap_Diffuse.uasset" 2004
"../../../Engine/Plugins/Experimental/Water/Content/Textures/Flowmaps/RiverFlowmap_Diffuse.uexp" 2005
"../../../Engine/Content/Functions/Engine_MaterialFunctions02/ExampleContent/Textures/LowResBlurredNoise.uasset" 2006
"../../../Engine/Content/Functions/Engine_MaterialFunctions02/ExampleContent/Textures/LowResBlurredNoise.uexp" 2007
"../../../Engine/Content/Functions/Engine_MaterialFunctions01/Coordinates/WorldPosition-XY.uasset" 2008
"../../../Engine/Content/Functions/Engine_MaterialFunctions01/Coordinates/WorldPosition-XY.uexp" 2009
"../../../Engine/Content/Functions/Engine_MaterialFunctions02/Math/MakeVectorsOrthogonal.uasset" 2010
"../../../Engine/Content/Functions/Engine_MaterialFunctions02/Math/MakeVectorsOrthogonal.uexp" 2011
"../../../Engine/Content/Functions/Engine_MaterialFunctions02/Utility/LinearSine.uasset" 2012
"../../../Engine/Content/Functions/Engine_MaterialFunctions02/Utility/LinearSine.uexp" 2013
"../../../Engine/Content/Functions/Engine_MaterialFunctions02/Texturing/Flowmaps.uasset" 2014
"../../../Engine/Content/Functions/Engine_MaterialFunctions02/Texturing/Flowmaps.uexp" 2015
"../../../Engine/Plugins/Experimental/Water/Content/Materials/Functions/WaterRiverFlowmaps.uasset" 2016
"../../../Engine/Plugins/Experimental/Water/Content/Materials/Functions/WaterRiverFlowmaps.uexp" 2017
"../../../Engine/Plugins/Experimental/Water/Content/Materials/Functions/WaterOpacityMaskFromDepth.uasset" 2018
"../../../Engine/Plugins/Experimental/Water/Content/Materials/Functions/WaterOpacityMaskFromDepth.uexp" 2019
"../../../Engine/Plugins/Experimental/Water/Content/Materials/Functions/WaterHeightMappingVS.uasset" 2020
"../../../Engine/Plugins/Experimental/Water/Content/Materials/Functions/WaterHeightMappingVS.uexp" 2021
"../../../Engine/Plugins/Experimental/Water/Content/Materials/Functions/WaterCoefficientMask.uasset" 2022
"../../../Engine/Plugins/Experimental/Water/Content/Materials/Functions/WaterCoefficientMask.uexp" 2023
"../../../Engine/Plugins/Experimental/Water/Content/Materials/Functions/SetWaveAttributes.uasset" 2024
"../../../Engine/Plugins/Experimental/Water/Content/Materials/Functions/SetWaveAttributes.uexp" 2025
"../../../Engine/Content/Functions/Engine_MaterialFunctions01/Opacity/AlphaOffset.uasset" 2026
"../../../Engine/Content/Functions/Engine_MaterialFunctions01/Opacity/AlphaOffset.uexp" 2027
"../../../Engine/Plugins/Experimental/Water/Content/FluidSimulation/WaveFoam/WaterDistanceField.uasset" 2028
"../../../Engine/Plugins/Experimental/Water/Content/FluidSimulation/WaveFoam/WaterDistanceField.uexp" 2029
"../../../Engine/Plugins/Experimental/Water/Content/FluidSimulation/Materials/Functions/Fluidsim_WorldPosition_to_UV.uasset" 2030
"../../../Engine/Plugins/Experimental/Water/Content/FluidSimulation/Materials/Functions/Fluidsim_WorldPosition_to_UV.uexp" 2031
"../../../Engine/Plugins/Experimental/Water/Content/Materials/Functions/SampleFluidSimulation.uasset" 2032
"../../../Engine/Plugins/Experimental/Water/Content/Materials/Functions/SampleFluidSimulation.uexp" 2033
"../../../Engine/Plugins/Experimental/Water/Content/Materials/Functions/ClipDynamicBounds.uasset" 2034
"../../../Engine/Plugins/Experimental/Water/Content/Materials/Functions/ClipDynamicBounds.uexp" 2035
"../../../Engine/Plugins/Experimental/Water/Content/Materials/WaterSurface/Water_Material.uasset" 2036
"../../../Engine/Plugins/Experimental/Water/Content/Materials/WaterSurface/Water_Material.uexp" 2037
"../../../Engine/Plugins/Experimental/Water/Content/Materials/WaterSurface/Water_Material_CustomMesh.uasset" 2038
"../../../Engine/Plugins/Experimental/Water/Content/Materials/WaterSurface/Water_Material_CustomMesh.uexp" 2039
"../../../Engine/Plugins/Experimental/Water/Content/Meshes/S_WaterPlane_256.ubulk" 2040
"../../../Engine/Plugins/Experimental/Water/Content/Meshes/S_WaterPlane_256.uasset" 2041
"../../../Engine/Plugins/Experimental/Water/Content/Meshes/S_WaterPlane_256.uexp" 2042
"../../../Engine/Plugins/Experimental/Water/Content/Materials/WaterSurface/Water_FarMesh.uasset" 2043
"../../../Engine/Plugins/Experimental/Water/Content/Materials/WaterSurface/Water_FarMesh.uexp" 2044
"../../../Engine/Plugins/Experimental/Water/Content/Materials/WaterInfo/DrawWaterInfo.uasset" 2045
"../../../Engine/Plugins/Experimental/Water/Content/Materials/WaterInfo/DrawWaterInfo.uexp" 2046
"../../../Engine/Content/Functions/Engine_MaterialFunctions01/Volumetrics/SchlickPhase.uasset" 2047
"../../../Engine/Content/Functions/Engine_MaterialFunctions01/Volumetrics/SchlickPhase.uexp" 2048
"../../../Engine/Plugins/Experimental/Water/Content/Materials/PostProcessing/M_UnderWater_PostProcess_Volume.uasset" 2049
"../../../Engine/Plugins/Experimental/Water/Content/Materials/PostProcessing/M_UnderWater_PostProcess_Volume.uexp" 2050
"../../../Engine/Plugins/Experimental/Water/Content/Materials/PostProcessing/MI_UnderWater_PostProcess_Volume_Custom.uasset" 2051
"../../../Engine/Plugins/Experimental/Water/Content/Materials/PostProcessing/MI_UnderWater_PostProcess_Volume_Custom.uexp" 2052
"../../../Engine/Plugins/Experimental/Water/Content/Materials/HLOD/HLODWater.uasset" 2053
"../../../Engine/Plugins/Experimental/Water/Content/Materials/HLOD/HLODWater.uexp" 2054
"X:/EldritchHorrorGame/EldritchHorror/Content/Levels/MainMenu2.uexp" 2055
"X:/EldritchHorrorGame/EldritchHorror/Content/Levels/MainMenu2.ubulk" 2056
"X:/EldritchHorrorGame/EldritchHorror/Content/Levels/MainMenu2.umap" 2057
"X:/EldritchHorrorGame/EldritchHorror/Content/FirstPerson/Input/Actions/IA_Jump.uasset" 2058
"X:/EldritchHorrorGame/EldritchHorror/Content/FirstPerson/Input/Actions/IA_Jump.uexp" 2059
"X:/EldritchHorrorGame/EldritchHorror/Content/FirstPerson/Input/IMC_Default.uasset" 2060
"X:/EldritchHorrorGame/EldritchHorror/Content/FirstPerson/Input/IMC_Default.uexp" 2061
"X:/EldritchHorrorGame/EldritchHorror/Content/FirstPerson/Blueprints/BP_FirstPersonPlayerController.uasset" 2062
"X:/EldritchHorrorGame/EldritchHorror/Content/FirstPerson/Blueprints/BP_FirstPersonPlayerController.uexp" 2063
"X:/EldritchHorrorGame/EldritchHorror/Content/FirstPerson/Blueprints/BP_FirstPersonGameMode.uasset" 2064
"X:/EldritchHorrorGame/EldritchHorror/Content/FirstPerson/Blueprints/BP_FirstPersonGameMode.uexp" 2065
"X:/EldritchHorrorGame/EldritchHorror/Content/FirstPerson/Maps/FirstPersonMap.uexp" 2066
"X:/EldritchHorrorGame/EldritchHorror/Content/FirstPerson/Maps/FirstPersonMap.umap" 2067
